key,PDB,WILD_TYPE,CHAIN,POSITION,MUTANT,PH,TEMPERATURE,DDG,RSA
0,1A23,H,A,32,L,7,30,4.6,31.56
1,1A23,H,A,32,L,7,30,5.3,31.56
2,1A23,H,A,32,S,7,30,3.6,31.56
3,1A23,H,A,32,S,7,30,5.2,31.56
4,1A23,H,A,32,Y,7,30,0.5,31.56
5,1A23,H,A,32,Y,7,30,6.8,31.56
6,1A23,H,A,32,Y,7,30,6.8,31.56
7,1AAR,K,A,6,E,5,25,0.53,49
8,1AAR,K,A,6,Q,5,25,0.26,49
9,1AAR,F,A,45,W,5,25,0.32,18.49
10,1AAR,H,A,68,E,5,25,0.77,40.79
11,1AAR,H,A,68,Q,5,25,0.55,40.79
12,1AAR,K,A,27,Q,5,25,-1.91,7.83
13,1AAR,K,A,29,N,5,25,-1.48,32.43
14,1AAR,K,A,29,Q,5,25,-1.67,32.43
15,1AAR,R,A,42,E,5,25,1.63,36.72
16,1AAR,R,A,72,Q,5,25,-0.33,51.14
17,1AG2,E,A,200,K,7,25,-0.14,79.39
18,1AG2,F,A,198,S,7,25,-2.46,6.13
19,1AG2,M,A,129,V,7,25,-0.33,44.38
20,1AG2,Q,A,217,R,7,25,-2.13,22.96
21,1AG2,R,A,208,H,7,25,-1.44,43.23
22,1AG2,T,A,183,A,7,25,-4.62,2.45
23,1AG2,T,A,190,V,7,25,-0.17,52.56
24,1AG2,V,A,180,I,7,25,-0.5,27
25,1AG2,V,A,210,I,7,25,-0.26,0
26,1AJ3,W,A,22,F,7.5,25,-1.11,32.89
27,1AKK,L,A,94,V,2,83,-1.2,2.46
28,1ANK,D,A,84,H,7.2,51.8,-1.4,8.26
29,1ANK,F,A,86,L,7.2,51.8,-0.8,1.54
30,1ANK,G,A,85,V,7.2,51.8,-2.4,9.53
31,1ANK,R,A,88,G,7.4,51.8,-0.2,29.34
32,1AYF,C,B,95,S,8.5,37,0.96,47.01
33,1AYF,D,B,76,E,8.5,37,0.45,60.24
34,1AYF,H,B,56,Q,8.5,37,-1.67,3.08
35,1AYF,H,B,56,R,8.5,37,-1.16,3.08
36,1AYF,H,B,56,T,8.5,37,-1.19,3.08
37,1AYF,T,B,54,A,8.5,37,-1.31,41.24
38,1AYF,T,B,54,S,8.5,37,0.05,41.24
39,1AYF,Y,B,82,F,8.5,37,-0.01,63.13
40,1AYF,Y,B,82,L,8.5,37,-0.36,63.13
41,1AYF,Y,B,82,S,8.5,37,-0.33,63.13
42,1AYF,Y,B,82,W,8.5,37,-0.21,63.13
43,1BNI,D,A,8,A,4.4,25,-0.69,61
44,1BNI,D,A,8,A,6.3,25,-0.9,61
45,1BNI,D,A,8,G,6.3,25,-1.17,61
46,1BNI,D,A,8,S,6.3,25,-0.97,61
47,1BNI,F,A,7,L,6.15,25,-4.6,14.4
48,1BNI,I,A,4,A,6.3,25,-1.4,34.05
49,1BNI,I,A,4,V,6.3,25,-0.6,34.05
50,1BNI,N,A,5,A,6.3,25,-1.9,8.67
51,1BNI,T,A,6,A,6.3,25,-2.1,53.71
52,1BNI,T,A,6,A,6.3,25,-2.23,53.71
53,1BNI,T,A,6,A,6.3,25,-2.53,53.71
54,1BNI,T,A,6,D,6.3,25,0.11,53.71
55,1BNI,T,A,6,E,6.3,25,-0.27,53.71
56,1BNI,T,A,6,G,6.3,25,-1.2,53.71
57,1BNI,T,A,6,G,6.3,25,-1.34,53.71
58,1BNI,T,A,6,H,4.4,25,-2.65,53.71
59,1BNI,T,A,6,H,8.9,25,-1.56,53.71
60,1BNI,T,A,6,N,6.3,25,-1.27,53.71
61,1BNI,T,A,6,P,6.3,25,-3.08,53.71
62,1BNI,T,A,6,Q,6.3,25,-1.87,53.71
63,1BNI,T,A,6,S,6.3,25,-0.22,53.71
64,1BNI,A,A,32,C,6.3,25,-1,83.76
65,1BNI,A,A,32,D,6.3,25,-0.7,83.76
66,1BNI,A,A,32,E,6.3,25,-0.6,83.76
67,1BNI,A,A,32,F,6.3,25,-0.7,83.76
68,1BNI,A,A,32,G,6.3,25,-0.9,83.76
69,1BNI,A,A,32,H,6.3,25,-0.8,83.76
70,1BNI,A,A,32,I,6.3,25,-0.8,83.76
71,1BNI,A,A,32,K,6.3,25,-0.2,83.76
72,1BNI,A,A,32,L,6.3,25,-0.3,83.76
73,1BNI,A,A,32,M,6.3,25,-0.3,83.76
74,1BNI,A,A,32,N,6.3,25,-0.7,83.76
75,1BNI,A,A,32,P,6.3,25,-4.1,83.76
76,1BNI,A,A,32,Q,6.3,25,-0.5,83.76
77,1BNI,A,A,32,R,6.3,25,-0.1,83.76
78,1BNI,A,A,32,S,6.3,25,-0.4,83.76
79,1BNI,A,A,32,T,6.3,25,-0.8,83.76
80,1BNI,A,A,32,V,6.3,25,-0.9,83.76
81,1BNI,A,A,32,W,6.3,25,-1,83.76
82,1BNI,A,A,32,Y,6.3,25,-0.8,83.76
83,1BNI,D,A,12,A,6.3,25,0.43,54.2
84,1BNI,D,A,12,A,6.3,25,-0.3,54.2
85,1BNI,D,A,12,G,4.4,25,-0.78,54.2
86,1BNI,D,A,12,G,6.3,25,-1.29,54.2
87,1BNI,D,A,12,S,6.3,25,-0.65,54.2
88,1BNI,D,A,22,M,4.4,25,-0.27,94.03
89,1BNI,D,A,44,E,6.3,25,0.1,77.72
90,1BNI,D,A,54,A,6.3,25,-3,19.71
91,1BNI,D,A,54,A,6.3,25,-3.3,19.71
92,1BNI,D,A,54,N,4.4,25,-2.46,19.71
93,1BNI,D,A,54,N,4.4,25,-2.65,19.71
94,1BNI,D,A,54,N,4.4,25,-2.66,19.71
95,1BNI,D,A,54,N,6.3,25,-2.4,19.71
96,1BNI,D,A,54,N,6.3,25,-2.6,19.71
97,1BNI,D,A,54,N,8.9,25,-2.32,19.71
98,1BNI,D,A,75,N,6.3,25,-4.8,0.35
99,1BNI,D,A,75,N,6.3,25,-5,0.35
100,1BNI,D,A,93,N,6.3,25,-4.11,47.81
101,1BNI,E,A,29,A,6.3,25,-1.25,48.2
102,1BNI,E,A,29,G,6.3,25,-1.8,48.2
103,1BNI,E,A,29,G,6.3,25,-1.81,48.2
104,1BNI,E,A,29,Q,6.3,25,0,48.08
105,1BNI,E,A,29,S,6.3,25,-1.23,48.2
106,1BNI,E,A,73,A,6.3,25,-2.5,6.7
107,1BNI,G,A,34,A,6.3,25,-3.12,48.92
108,1BNI,G,A,34,D,6.3,25,-3.39,48.92
109,1BNI,G,A,34,H,4.4,25,-2.6,48.92
110,1BNI,G,A,34,H,6.3,25,-2.65,48.92
111,1BNI,G,A,34,H,8.9,25,-3.15,48.92
112,1BNI,G,A,34,K,6.3,25,-3.12,48.92
113,1BNI,G,A,34,N,6.3,25,-2.75,48.92
114,1BNI,G,A,34,R,6.3,25,-2.42,48.92
115,1BNI,G,A,34,S,6.3,25,-3.2,48.92
116,1BNI,G,A,34,T,6.3,25,-3.37,48.92
117,1BNI,G,A,52,A,6.3,54.1,-5.3,1.65
118,1BNI,G,A,52,V,6.3,54.1,-8.4,1.65
119,1BNI,G,A,53,A,6.3,54.1,-3.4,22.36
120,1BNI,G,A,53,V,6.3,54.1,-7.8,22.36
121,1BNI,G,A,65,S,6.3,25,0.5,78.78
122,1BNI,H,A,18,A,6.3,25,-1.85,56.4
123,1BNI,H,A,18,D,6.3,25,-2.56,56.4
124,1BNI,H,A,18,G,5.8,25,-0.98,56.4
125,1BNI,H,A,18,G,6.3,25,-0.7,56.4
126,1BNI,H,A,18,G,9,25,0.51,56.4
127,1BNI,H,A,18,K,6.3,25,-1.19,56.4
128,1BNI,H,A,18,K,6.3,25,-1.2,56.4
129,1BNI,H,A,18,N,6.3,25,-1.68,56.4
130,1BNI,H,A,18,Q,6.3,25,-1.6,56.4
131,1BNI,H,A,18,R,6.3,25,-1.17,56.4
132,1BNI,H,A,18,S,6.3,25,-2.28,56.4
133,1BNI,I,A,25,A,6.3,25,-3.5,10.76
134,1BNI,I,A,25,V,6.3,25,-1.1,10.76
135,1BNI,I,A,51,A,6.3,25,-4.7,0.11
136,1BNI,I,A,51,V,4.4,25,-1.86,0.11
137,1BNI,I,A,51,V,6.3,25,-1.8,0.11
138,1BNI,I,A,55,A,6.3,25,-1.1,51.89
139,1BNI,I,A,55,T,6.3,25,-0.6,51.89
140,1BNI,I,A,55,V,6.3,25,-0.3,51.89
141,1BNI,I,A,55,V,6.3,25,-0.3,51.89
142,1BNI,I,A,76,A,6.3,25,-1.9,0
143,1BNI,I,A,76,V,6.3,25,-0.8,0
144,1BNI,I,A,88,A,6.3,25,-4,0
145,1BNI,I,A,88,A,6.3,25,-4.46,0
146,1BNI,I,A,88,A,6.3,25,-4.46,0
147,1BNI,I,A,88,A,6.3,48,-3.9,0
148,1BNI,I,A,88,L,6.3,25,-0.3,0
149,1BNI,I,A,88,V,4.4,25,-1.47,0
150,1BNI,I,A,88,V,6.3,25,-1.3,0
151,1BNI,I,A,88,V,6.3,25,-1.49,0
152,1BNI,I,A,88,V,6.3,25,-1.49,0
153,1BNI,I,A,88,V,6.3,48,-1.1,0
154,1BNI,I,A,96,A,6.3,25,-3.2,0
155,1BNI,I,A,96,A,6.3,25,-3.33,0
156,1BNI,I,A,96,A,6.3,25,-3.52,0
157,1BNI,I,A,96,A,6.3,25,-3.52,0
158,1BNI,I,A,96,A,6.3,25,-4,0
159,1BNI,I,A,96,A,6.3,48,-3.2,0
160,1BNI,I,A,96,V,4.4,25,-1.17,0
161,1BNI,I,A,96,V,4.4,25,-1.18,0
162,1BNI,I,A,96,V,6.3,25,-0.9,0
163,1BNI,I,A,96,V,6.3,25,-0.95,0
164,1BNI,I,A,96,V,6.3,25,-0.98,0
165,1BNI,I,A,96,V,6.3,25,-0.98,0
166,1BNI,I,A,96,V,6.3,25,-1.1,0
167,1BNI,I,A,96,V,6.3,48,-0.9,0
168,1BNI,K,A,19,R,6.3,25,0.2,35
169,1BNI,K,A,27,G,6.3,25,-0.4,32.96
170,1BNI,K,A,27,G,6.3,25,-0.55,32.96
171,1BNI,K,A,62,R,6.3,25,-0.5,42.29
172,1BNI,K,A,62,R,6.3,25,-0.4,42.68
173,1BNI,K,A,66,A,6.3,25,0.2,63.2
174,1BNI,L,A,14,A,6.3,25,-4.3,0
175,1BNI,L,A,14,A,6.3,25,-4.8,0
176,1BNI,L,A,14,A,6.3,25,-4.8,0
177,1BNI,L,A,14,A,6.3,48,-4.2,0
178,1BNI,L,A,33,Q,6.3,25,-1.3,52.1
179,1BNI,L,A,89,T,6.3,25,-2.5,0
180,1BNI,L,A,89,V,6.3,25,-0.3,0
181,1BNI,L,A,89,V,6.3,25,-0.3,0
182,1BNI,N,A,23,A,6.3,25,-2.2,9.29
183,1BNI,N,A,41,D,6.3,25,-2.5,18.92
184,1BNI,N,A,58,A,6.3,25,-2.7,15.92
185,1BNI,N,A,58,D,6.3,25,0.5,15.92
186,1BNI,N,A,77,A,6.3,25,-1.6,48.7
187,1BNI,N,A,84,A,6.3,25,-2,34.7
188,1BNI,Q,A,15,I,6.3,25,1,38.63
189,1BNI,Q,A,31,A,6.3,25,0.1,56.77
190,1BNI,Q,A,31,A,6.3,25,0.1,56.77
191,1BNI,Q,A,31,G,6.3,25,-0.98,56.77
192,1BNI,Q,A,31,S,6.3,25,-0.2,56.77
193,1BNI,Q,A,31,S,6.3,25,-0.2,56.77
194,1BNI,Q,A,31,S,6.3,25,-0.25,56.77
195,1BNI,R,A,69,K,6.3,25,-3.13,15.81
196,1BNI,R,A,69,M,4.4,25,-2.86,15.81
197,1BNI,R,A,69,M,6.3,25,-2.12,15.81
198,1BNI,R,A,69,S,6.3,25,-2.72,15.81
199,1BNI,R,A,83,K,6.3,25,-4.13,29.13
200,1BNI,R,A,83,Q,4.4,25,-1.58,29.13
201,1BNI,R,A,83,Q,6.3,25,-2.05,29.13
202,1BNI,S,A,28,A,6.3,25,0.41,66.98
203,1BNI,S,A,28,E,6.3,25,0.4,66.98
204,1BNI,S,A,28,G,6.3,25,-0.45,66.98
205,1BNI,S,A,85,A,6.3,25,-0.12,23.89
206,1BNI,S,A,91,A,4.4,25,-1.16,0.94
207,1BNI,S,A,91,A,4.4,25,-1.38,0.94
208,1BNI,S,A,91,A,6.3,25,-1.9,0.94
209,1BNI,S,A,92,A,4.4,25,-2.83,47.27
210,1BNI,S,A,92,A,6.3,25,-2.8,47.27
211,1BNI,T,A,16,A,6.3,25,-0.27,75.2
212,1BNI,T,A,16,G,6.3,25,-1.66,75.2
213,1BNI,T,A,16,R,4.4,25,0.2,75.2
214,1BNI,T,A,16,R,6.3,25,0.5,75.2
215,1BNI,T,A,16,R,6.3,25,0.5,75.2
216,1BNI,T,A,16,R,6.3,25,-0.48,75.2
217,1BNI,T,A,16,S,6.3,25,-1.7,75.2
218,1BNI,T,A,16,S,6.3,25,-1.87,75.2
219,1BNI,T,A,26,A,6.3,25,-1.9,28.48
220,1BNI,T,A,26,A,6.3,25,-2.11,28.48
221,1BNI,T,A,26,A,6.3,25,-2.14,28.48
222,1BNI,T,A,26,D,6.3,25,-0.08,28.48
223,1BNI,T,A,26,E,6.3,25,-0.05,28.48
224,1BNI,T,A,26,G,4.4,25,-2.08,28.48
225,1BNI,T,A,26,G,6.3,25,-1.5,28.48
226,1BNI,T,A,26,G,6.3,25,-1.58,28.48
227,1BNI,T,A,26,N,6.3,25,-1.29,28.48
228,1BNI,T,A,26,Q,6.3,25,-1.72,28.48
229,1BNI,T,A,26,S,6.3,25,-0.56,28.48
230,1BNI,T,A,26,V,6.3,25,-2.31,28.48
231,1BNI,T,A,79,V,6.3,25,0.3,78.59
232,1BNI,T,A,99,V,6.3,25,-2.7,1.23
233,1BNI,V,A,10,A,6.3,25,-3.4,0
234,1BNI,V,A,10,T,6.3,25,-2.5,0
235,1BNI,V,A,36,A,6.3,25,-1.3,46.71
236,1BNI,V,A,36,T,6.3,25,-1.1,46.71
237,1BNI,V,A,45,A,6.3,25,-1.8,27.91
238,1BNI,V,A,45,T,6.3,25,-2.4,27.91
239,1BNI,W,A,94,F,5.8,25,-1.06,29.48
240,1BNI,W,A,94,F,9,25,-0.6,29.48
241,1BNI,W,A,94,L,5.8,25,-1.59,29.48
242,1BNI,W,A,94,L,8.9,25,-0.64,29.48
243,1BNI,W,A,94,L,9,25,-0.66,29.48
244,1BNI,W,A,94,Y,5.8,25,-1.27,29.48
245,1BNI,W,A,94,Y,9,25,-0.99,29.48
246,1BNI,Y,A,13,A,6.3,25,-3.3,18.3
247,1BNI,Y,A,13,A,6.3,25,-3.71,18.3
248,1BNI,Y,A,13,F,6.3,25,-0.41,18.3
249,1BNI,Y,A,17,A,6.3,25,-2,56.62
250,1BNI,Y,A,17,A,6.3,25,-2.26,56.62
251,1BNI,Y,A,17,F,6.3,25,-0.3,56.62
252,1BNI,Y,A,17,G,6.3,25,-4.03,56.62
253,1BNI,Y,A,17,S,6.3,25,-2.57,56.62
254,1BNI,Y,A,24,F,6.3,25,0,8.1
255,1BNI,Y,A,78,F,6.3,25,-1.4,4.4
256,1BNI,Y,A,78,F,6.3,25,-1.5,4.4
257,1BNI,I,A,109,A,6.3,25,-2.1,24.32
258,1BNI,I,A,109,V,6.3,25,-0.8,24.32
259,1BNI,K,A,108,R,6.3,25,0.9,54.93
260,1BNI,Q,A,104,A,6.3,25,-0.2,51.51
261,1BNI,R,A,110,A,6.3,25,-0.4,31.31
262,1BNI,T,A,105,V,6.3,25,-2.2,62.29
263,1BNI,Y,A,103,F,6.3,25,0,28.22
264,1BPI,D,A,3,A,7,39,0.2,79.67
265,1BPI,E,A,7,A,7,39,-1.5,26.79
266,1BPI,F,A,4,A,7,39,-3,10.91
267,1BPI,L,A,6,A,7,39,-0.6,60.84
268,1BPI,P,A,2,A,7,39,-1.3,47.78
269,1BPI,P,A,8,A,7,39,-0.3,76.53
270,1BPI,P,A,9,A,7,39,-0.8,34.6
271,1BPI,R,A,1,A,7,39,-0.5,63.01
272,1BPI,D,A,50,A,7,39,-0.4,36.02
273,1BPI,E,A,49,A,7,39,-0.2,65.83
274,1BPI,F,A,22,A,2,25,-1.2,11.56
275,1BPI,F,A,22,A,7,39,-2,11.56
276,1BPI,F,A,45,A,2,25,-6.9,10.11
277,1BPI,G,A,12,A,7,39,-1.8,21.73
278,1BPI,G,A,28,A,7,39,-1,53.62
279,1BPI,G,A,36,A,7,39,-2.1,0.25
280,1BPI,G,A,36,S,4.6,72.6,-0.7,0.76
281,1BPI,G,A,37,A,7,39,-2.3,43.71
282,1BPI,G,A,37,A,2,25,-4.9,43.84
283,1BPI,G,A,56,A,7,39,-0.2,23.89
284,1BPI,G,A,57,A,7,39,-0.2,54.51
285,1BPI,I,A,18,A,7,39,-1.5,36.97
286,1BPI,I,A,19,A,7,39,-2.1,58.05
287,1BPI,K,A,15,A,7,39,-0.4,90.52
288,1BPI,K,A,26,A,7,39,0,102.24
289,1BPI,K,A,41,A,7,39,-0.4,47.59
290,1BPI,K,A,46,A,7,39,0.1,80.36
291,1BPI,L,A,29,A,7,39,0,60.57
292,1BPI,M,A,52,A,7,39,-1.7,62.72
293,1BPI,N,A,24,A,7,39,-2.2,23.84
294,1BPI,N,A,43,G,2,25,-5.7,0.68
295,1BPI,N,A,43,G,2,25,-5.7,0.75
296,1BPI,N,A,44,A,7,39,-3.3,14.69
297,1BPI,N,A,44,G,2,25,-4.7,14
298,1BPI,P,A,13,A,7,39,-1.2,52.36
299,1BPI,Q,A,31,A,7,39,-1,36.39
300,1BPI,R,A,17,A,7,39,-0.3,89.17
301,1BPI,R,A,20,A,7,39,-1.8,15.46
302,1BPI,R,A,39,A,7,39,0,80.13
303,1BPI,R,A,42,A,7,39,-0.5,70.44
304,1BPI,R,A,53,A,7,39,-0.1,74.41
305,1BPI,S,A,47,A,7,39,-1.6,30.46
306,1BPI,T,A,11,A,7,39,0,47.44
307,1BPI,T,A,32,A,7,39,-0.1,56.96
308,1BPI,T,A,54,A,7,39,-0.1,36.12
309,1BPI,V,A,34,A,7,39,-1.2,40.27
310,1BPI,Y,A,10,A,7,39,-1.2,36.59
311,1BPI,Y,A,23,A,2,25,-5.9,4.21
312,1BPI,Y,A,35,A,7,39,-1.1,6.69
313,1BPI,Y,A,35,G,2,25,-5,5.8
314,1BPI,Y,A,35,G,2,25,-5,6.69
315,1BTA,C,A,82,A,7.4,25,0.48,27.92
316,1BVC,E,A,4,A,4,25,-0.55,70.06
317,1BVC,E,A,4,A,4,25,-0.7,70.06
318,1BVC,L,A,9,A,9.6,82.2,-0.4,30.58
319,1BVC,Q,A,8,A,4.2,4,0.89,45.86
320,1BVC,Q,A,8,A,4.2,4,1.07,45.86
321,1BVC,Q,A,8,G,4.2,4,-0.5,45.86
322,1BVC,Q,A,8,G,4.2,4,-0.63,45.86
323,1BVC,W,A,7,F,7.8,4,0.1,7.28
324,1BVC,W,A,7,F,7.8,4,-0.9,7.28
325,1BVC,W,A,7,F,7.8,4,-1.1,7.28
326,1BVC,D,A,44,A,4,25,-0.15,73.42
327,1BVC,D,A,44,A,4,25,-0.2,73.42
328,1BVC,D,A,60,A,4,25,-0.1,38.24
329,1BVC,D,A,60,A,4,25,-0.15,38.24
330,1BVC,E,A,18,A,4,25,-0.5,44.88
331,1BVC,E,A,18,A,4,25,-0.7,44.88
332,1BVC,G,A,23,A,9.6,82.2,-1.1,20.33
333,1BVC,H,A,36,Q,7.8,4,-0.1,23.97
334,1BVC,H,A,36,Q,7.8,4,-0.7,23.97
335,1BVC,H,A,36,Q,7.8,4,-0.8,23.97
336,1BVC,I,A,28,A,11,76.5,-1.3,0.97
337,1BVC,I,A,28,L,11,76.5,-0.6,0.97
338,1BVC,I,A,28,M,11,76.5,-0.6,0.97
339,1BVC,I,A,28,V,11,76.5,0,0.97
340,1BVC,K,A,56,A,4,25,-0.2,58.63
341,1BVC,K,A,56,A,4,25,-0.25,58.63
342,1BVC,K,A,77,A,4,25,-0.02,49
343,1BVC,K,A,77,A,4,25,-0.05,49
344,1BVC,L,A,11,A,9.6,82.2,-0.4,24.03
345,1BVC,L,A,29,A,11,76.5,-2.4,2.62
346,1BVC,L,A,29,I,11,76.5,-1.1,2.62
347,1BVC,L,A,29,M,11,76.5,0.1,2.62
348,1BVC,L,A,29,V,11,76.5,-1.7,2.62
349,1BVC,L,A,49,I,11,76.5,-0.8,3.28
350,1BVC,L,A,69,A,11,76.5,-1.2,0.6
351,1BVC,L,A,69,I,11,76.5,0,0.6
352,1BVC,L,A,69,M,11,76.5,0,0.6
353,1BVC,L,A,69,V,11,76.5,-0.1,0.6
354,1BVC,P,A,88,A,9.6,82.2,0.6,52.85
355,1BVC,T,A,51,A,9.6,82.2,-1.4,46.14
356,1BVC,T,A,67,A,9.6,82.2,-0.3,66.33
357,1BVC,V,A,13,A,9.6,82.2,-0.7,0
358,1BVC,V,A,66,A,9.6,82.2,0.8,37.09
359,1BVC,V,A,68,T,7.8,4,-0.2,20.3
360,1BVC,V,A,68,T,7.8,4,-0.4,20.3
361,1BVC,V,A,68,T,7.8,4,-0.6,20.3
362,1BVC,W,A,14,F,7.8,4,-0.5,1.08
363,1BVC,W,A,14,F,7.8,4,-0.6,1.08
364,1BVC,W,A,14,F,7.8,4,-1.1,1.08
365,1BVC,A,A,130,K,7.8,4,-0.9,0
366,1BVC,A,A,130,K,7.8,4,-1.2,0
367,1BVC,A,A,130,K,7.8,4,-2.1,0
368,1BVC,A,A,130,L,7.8,4,0.1,0
369,1BVC,A,A,130,L,7.8,4,-0.9,0
370,1BVC,A,A,130,L,7.8,4,-1,0
371,1BVC,E,A,109,A,4.2,4,0.17,56.84
372,1BVC,E,A,109,A,4.2,4,0.36,56.84
373,1BVC,E,A,109,G,4.2,4,-0.89,56.84
374,1BVC,E,A,109,G,4.2,4,-0.96,56.84
375,1BVC,F,A,123,K,7.8,4,-0.7,0.5
376,1BVC,F,A,123,K,7.8,4,-1.4,0.5
377,1BVC,F,A,123,K,7.8,4,-2.1,0.5
378,1BVC,G,A,129,A,9.6,82.2,1.1,36.85
379,1BVC,H,A,116,A,9.6,82.2,0.2,49.48
380,1BVC,I,A,111,A,11,76.5,-1.8,2.7
381,1BVC,I,A,111,L,11,76.5,-0.6,2.7
382,1BVC,I,A,111,M,11,76.5,-1.1,2.7
383,1BVC,I,A,142,A,9.6,82.2,-1.9,0
384,1BVC,I,A,142,A,11,76.5,-1.1,0.16
385,1BVC,I,A,142,L,11,76.5,0.6,0.16
386,1BVC,I,A,142,M,11,76.5,0.9,0.16
387,1BVC,I,A,142,V,11,76.5,-0.1,0.16
388,1BVC,K,A,140,A,4.2,4,0.35,63.98
389,1BVC,K,A,140,A,4.2,4,0.6,63.98
390,1BVC,L,A,135,I,11,76.5,-1.5,1.04
391,1BVC,L,A,135,M,11,76.5,-0.8,1.04
392,1BVC,L,A,135,V,11,76.5,-2.2,1.04
393,1BVC,L,A,137,A,9.6,82.2,-1.8,12.02
394,1BVC,L,A,149,A,9.6,82.2,-1.6,32.22
395,1BVC,M,A,131,A,7.8,4,-0.9,0
396,1BVC,M,A,131,A,7.8,4,-1.3,0
397,1BVC,M,A,131,A,7.8,4,-2.2,0
398,1BVC,S,A,117,A,9.6,82.2,-0.3,63.99
399,1BVC,V,A,114,A,9.6,82.2,-1.4,6.51
400,1C2R,G,A,34,S,7.5,30,-2.2,15.76
401,1C2R,K,A,12,D,7.5,25,-1.3,39.38
402,1C2R,K,A,14,E,7.5,25,-1.3,47.16
403,1C2R,K,A,32,E,7.5,25,0.2,69.03
404,1C2R,P,A,35,A,7.5,30,-2,17.05
405,1C9O,Q,A,2,L,7,70,0.29,38.69
406,1C9O,Q,A,2,L,7,70,0.29,38.69
407,1C9O,Q,A,2,L,7,70,0.55,38.69
408,1C9O,Q,A,2,L,7,70,0.55,38.69
409,1C9O,R,A,3,A,7,70,-1.05,67.29
410,1C9O,R,A,3,A,7,70,-1.89,67.29
411,1C9O,R,A,3,E,7,70,-1,67.29
412,1C9O,R,A,3,E,7,70,-1,67.29
413,1C9O,R,A,3,E,7,70,-2.75,67.29
414,1C9O,R,A,3,E,7,70,-2.75,67.29
415,1C9O,R,A,3,K,7,70,-0.14,67.29
416,1C9O,R,A,3,K,7,70,-0.19,67.29
417,1C9O,R,A,3,L,7,70,-0.22,67.29
418,1C9O,R,A,3,L,7,70,-0.93,67.29
419,1C9O,E,A,46,A,7,70,-0.12,32.05
420,1C9O,E,A,46,A,7,70,-0.12,32.05
421,1C9O,E,A,46,A,7,70,-0.22,32.05
422,1C9O,E,A,46,A,7,70,-0.22,32.05
423,1C9O,G,A,23,Q,7,70,-0.29,58.58
424,1C9O,G,A,23,Q,7,70,-0.29,58.58
425,1C9O,G,A,23,Q,7,70,-0.31,58.58
426,1C9O,G,A,23,Q,7,70,-0.31,58.58
427,1C9O,L,A,66,E,7,70,-1.24,61.22
428,1C9O,L,A,66,E,7,70,-1.24,61.22
429,1C9O,L,A,66,E,7,70,-1.27,61.22
430,1C9O,L,A,66,E,7,70,-1.27,61.22
431,1C9O,N,A,11,S,7,70,0.22,50.89
432,1C9O,N,A,11,S,7,70,0.22,50.89
433,1C9O,N,A,11,S,7,70,0.33,50.89
434,1C9O,N,A,11,S,7,70,0.33,50.89
435,1C9O,Q,A,53,E,7,70,0,58.85
436,1C9O,Q,A,53,E,7,70,0,58.85
437,1C9O,Q,A,53,E,7,70,-0.1,58.85
438,1C9O,Q,A,53,E,7,70,-0.1,58.85
439,1C9O,S,A,24,D,7,70,0.19,82.85
440,1C9O,S,A,24,D,7,70,0.19,82.85
441,1C9O,S,A,24,D,7,70,0.22,82.85
442,1C9O,S,A,24,D,7,70,0.22,82.85
443,1C9O,T,A,31,S,7,70,0.17,22.13
444,1C9O,T,A,31,S,7,70,0.17,22.13
445,1C9O,T,A,31,S,7,70,0.19,22.13
446,1C9O,T,A,31,S,7,70,0.19,22.13
447,1C9O,V,A,64,T,7,70,-0.19,40.34
448,1C9O,V,A,64,T,7,70,-0.19,40.34
449,1C9O,V,A,64,T,7,70,-0.26,40.34
450,1C9O,V,A,64,T,7,70,-0.26,40.34
451,1C9O,Y,A,15,F,7,70,0.07,31.07
452,1C9O,Y,A,15,F,7,70,0.07,31.07
453,1C9O,Y,A,15,F,7,70,-0.05,31.07
454,1C9O,Y,A,15,F,7,70,-0.05,31.07
455,1CHK,W,A,28,F,7,42.7,-3.56,10.48
456,1CHK,W,A,28,F,7,43.2,-4.43,10.48
457,1CHK,W,A,28,F,7,52.2,-1.76,10.48
458,1CHK,W,A,101,F,7,42.7,-3.91,0
459,1CHK,W,A,101,F,7,43.2,-4.27,0
460,1CHK,W,A,101,F,7,52.2,-1.89,0
461,1CHK,W,A,227,F,7,42.7,-2.97,3.62
462,1CHK,W,A,227,F,7,43.2,-2.51,3.62
463,1CHK,W,A,227,F,7,52.2,-1.31,3.62
464,1CSP,E,A,3,L,7,70,0.41,44.88
465,1CSP,E,A,3,L,7,70,1.6,44.88
466,1CSP,E,A,3,R,7,70,0.77,44.88
467,1CSP,E,A,3,R,7,70,0.77,44.88
468,1CSP,E,A,3,R,7,70,2.66,44.88
469,1CSP,E,A,3,R,7,70,2.66,44.88
470,1CSP,E,A,66,L,7,70,1.44,26.79
471,1CSP,E,A,66,L,7,70,1.44,26.79
472,1CSP,E,A,66,L,7,70,2.11,26.79
473,1CSP,E,A,66,L,7,70,2.11,26.79
474,1CSP,F,A,15,A,7,60,-1.67,27.4
475,1CSP,F,A,17,A,7,60,-1.34,29.55
476,1CSP,F,A,27,A,7,60,-0.69,35.72
477,1CSP,F,A,38,A,7,60,0.31,80.52
478,1CYO,F,A,35,H,7,66.2,-2.82,9.92
479,1CYO,F,A,35,L,7,66.2,-1.87,9.92
480,1CYO,F,A,35,Y,7,66.2,0.79,9.92
481,1CYO,V,A,45,E,7,66.7,-2.68,50.81
482,1CYO,V,A,45,E,7,77.6,-2.06,50.81
483,1CYO,V,A,45,G,7,25,-1.91,50.81
484,1CYO,V,A,45,H,7,25,-1.65,50.81
485,1CYO,V,A,45,H,7,66.7,-1.34,50.81
486,1CYO,V,A,45,H,7,77.6,-1.39,50.81
487,1CYO,V,A,45,T,7,25,-0.96,50.81
488,1CYO,V,A,45,Y,7,66.7,-1.53,50.81
489,1CYO,V,A,45,Y,7,77.6,-1.56,50.81
490,1CYO,V,A,61,E,7,25,-1.05,72.93
491,1CYO,V,A,61,E,7,67.2,-1.1,72.93
492,1CYO,V,A,61,H,7,25,-1.6,72.93
493,1CYO,V,A,61,H,7,67.2,-1.63,72.93
494,1CYO,V,A,61,K,7,25,-2.39,72.93
495,1CYO,V,A,61,K,7,67.2,-2.34,72.93
496,1CYO,V,A,61,Y,7,25,-1.34,72.93
497,1CYO,V,A,61,Y,7,67.2,-1.29,72.93
498,1EL1,A,A,93,S,4.5,66.4,-0.26,57.26
499,1EL1,H,A,21,G,4.5,66.4,-0.48,57.5
500,1EL1,I,A,56,L,4.5,66.4,-0.24,0.05
501,1EL1,V,A,109,K,4.5,66.4,-0.43,7.09
502,1EM7,I,A,6,N,5.2,25,2.07,24
503,1EM7,I,A,6,N,5.2,63,1.82,24
504,1EM7,I,A,6,T,5.2,25,2,24
505,1EM7,I,A,6,T,5.2,63,1.76,24
506,1EM7,T,A,53,F,5.2,25,4.61,32.59
507,1EM7,T,A,53,F,5.2,63,4.1,32.59
508,1EM7,T,A,53,I,5.2,25,3.3,32.59
509,1EM7,T,A,53,I,5.2,63,3.81,32.59
510,1EM7,T,A,53,V,5.2,25,2.8,32.59
511,1EM7,T,A,53,V,5.2,63,3.38,32.59
512,1EM7,T,A,53,Y,5.2,25,4.1,32.59
513,1EM7,T,A,53,Y,5.2,63,4.29,32.59
514,1G6N,S,B,428,A,7.9,20,-0.26,10.07
515,1G6N,S,B,428,P,7.9,20,0.14,10.07
516,1HFY,A,A,30,I,2,20,0.3,0
517,1HFY,A,A,30,T,2,20,0.06,0
518,1HFY,T,A,29,I,2,20,0.12,0
519,1HFY,T,A,33,I,2,20,0.18,13.27
520,1HUE,A,A,27,S,7,63.9,-1.19,0
521,1HUE,A,A,56,S,7,63.9,-0.13,72.6
522,1HUE,M,A,69,I,7,63.9,0,30.58
523,1HUE,S,A,31,T,7,63.9,0.41,20.65
524,1HUE,V,A,42,I,7,63.9,-0.82,0.2
525,1IGV,D,A,19,N,7,25,0.74,47.54
526,1IGV,E,A,17,Q,7,25,0.38,63.77
527,1IGV,E,A,26,Q,7,25,0.09,73.55
528,1IOB,T,A,9,A,6.5,25,-0.8,3.89
529,1IOB,T,A,9,G,6.5,25,-2.6,3.89
530,1IOB,T,A,9,L,6.5,25,-0.7,3.89
531,1IOB,T,A,9,Q,6.5,25,-1.9,3.89
532,1IOB,K,A,97,G,6.5,25,-1.2,44.48
533,1IOB,K,A,97,R,6.5,25,-0.5,44.48
534,1IOB,K,A,97,V,6.5,25,0.8,44.48
535,1LZ1,A,A,9,S,2.7,64.9,-0.02,0
536,1LZ1,E,A,7,Q,2.2,65,0.1,30.97
537,1LZ1,E,A,7,Q,2.3,65,-0.43,30.97
538,1LZ1,E,A,7,Q,4,65,-1.44,30.97
539,1LZ1,E,A,7,Q,4.5,65,-1.29,30.97
540,1LZ1,K,A,1,A,2.7,64.9,-0.6,34.61
541,1LZ1,K,A,1,M,2.7,64.9,-0.12,34.61
542,1LZ1,L,A,8,T,2.7,64.9,-3.73,0
543,1LZ1,V,A,2,A,2.7,49.2,-1.51,69.29
544,1LZ1,V,A,2,A,2.7,64.9,-1.51,69.42
545,1LZ1,V,A,2,D,2.7,64.9,-1.44,65.97
546,1LZ1,V,A,2,F,2.7,64.9,-0.86,69.42
547,1LZ1,V,A,2,G,2.7,64.9,-2.3,69.42
548,1LZ1,V,A,2,I,2.7,64.9,1.1,69.42
549,1LZ1,V,A,2,L,2.7,64.9,-0.05,69.42
550,1LZ1,V,A,2,M,2.7,64.9,-0.31,69.42
551,1LZ1,V,A,2,N,2.7,64.9,-1.34,65.97
552,1LZ1,V,A,2,R,2.7,64.9,-0.38,65.97
553,1LZ1,V,A,2,S,2.7,64.9,-1.41,65.97
554,1LZ1,V,A,2,Y,2.7,64.9,-0.36,65.97
555,1LZ1,A,A,32,L,2.7,64.9,-0.1,0
556,1LZ1,A,A,32,S,2.7,64.9,-0.33,0
557,1LZ1,A,A,47,P,2.8,68.8,0.1,76.5
558,1LZ1,A,A,92,S,2.7,64.9,0.81,2.72
559,1LZ1,A,A,96,M,2.7,64.9,0.02,0
560,1LZ1,A,A,96,S,2.7,64.9,-1,0
561,1LZ1,C,A,77,A,3,57,-4.6,14.67
562,1LZ1,D,A,18,N,2.2,65,-0.53,46.56
563,1LZ1,D,A,18,N,4,65,-1.7,46.56
564,1LZ1,D,A,49,N,2.2,65,0,50.52
565,1LZ1,D,A,49,N,4,65,-1,50.52
566,1LZ1,D,A,67,N,2.2,65,-0.24,24.01
567,1LZ1,D,A,67,N,2.3,65,-0.26,24.01
568,1LZ1,D,A,67,N,4,65,-2.25,24.01
569,1LZ1,D,A,67,N,4.5,65,-1.7,24.01
570,1LZ1,D,A,91,P,2.8,68.8,-0.4,34.35
571,1LZ1,E,A,35,L,2.7,64.9,-0.53,20.03
572,1LZ1,G,A,37,A,2.7,64.9,-0.29,49.68
573,1LZ1,G,A,37,Q,2.7,64.9,-0.26,49.68
574,1LZ1,G,A,37,Q,2.7,64.9,-0.26,49.68
575,1LZ1,H,A,78,A,2.7,64.9,-0.14,83.62
576,1LZ1,H,A,78,G,2.7,64.9,-0.12,83.62
577,1LZ1,H,A,78,G,2.7,64.9,-0.12,83.62
578,1LZ1,I,A,23,A,2.7,64.9,-2.54,8.27
579,1LZ1,I,A,23,V,2.7,49.2,-0.41,6.65
580,1LZ1,I,A,23,V,2.7,64.9,-0.36,8.27
581,1LZ1,I,A,56,A,2.7,64.9,-3.71,0.38
582,1LZ1,I,A,56,A,2.7,64.9,-3.71,0.38
583,1LZ1,I,A,56,F,2.7,64.9,-4.09,0.38
584,1LZ1,I,A,56,L,2.7,64.9,-0.1,0.38
585,1LZ1,I,A,56,M,2.7,64.9,-1.77,0.38
586,1LZ1,I,A,56,T,2.7,64.9,-3.64,0.38
587,1LZ1,I,A,56,T,2.7,64.9,-3.64,0.38
588,1LZ1,I,A,56,V,2.7,49.2,-1.34,0.38
589,1LZ1,I,A,56,V,2.7,64.9,-1.2,0.38
590,1LZ1,I,A,56,V,2.7,64.9,-1.2,0.38
591,1LZ1,I,A,59,A,2.7,49.2,-1.32,1.62
592,1LZ1,I,A,59,A,2.7,64.9,-1.72,1.62
593,1LZ1,I,A,59,A,2.7,64.9,-1.72,1.62
594,1LZ1,I,A,59,F,2.7,64.9,-0.81,1.62
595,1LZ1,I,A,59,G,2.7,64.9,-3.83,1.62
596,1LZ1,I,A,59,G,2.7,64.9,-3.83,1.62
597,1LZ1,I,A,59,L,2.7,64.9,0,1.62
598,1LZ1,I,A,59,M,2.7,64.9,-1.29,1.62
599,1LZ1,I,A,59,S,2.7,64.9,-3.59,1.62
600,1LZ1,I,A,59,T,2.7,64.9,-2.22,1.62
601,1LZ1,I,A,59,V,2.7,49.2,-0.93,1.46
602,1LZ1,I,A,59,V,2.7,64.9,-1.1,1.62
603,1LZ1,I,A,59,V,2.7,64.9,-1.1,1.62
604,1LZ1,I,A,59,Y,2.7,64.9,-3.78,1.62
605,1LZ1,I,A,89,A,2.7,64.9,-2.7,2.92
606,1LZ1,I,A,89,V,2.7,49.2,-0.35,2.86
607,1LZ1,I,A,89,V,2.7,64.9,-0.48,2.92
608,1LZ1,P,A,71,G,2.8,68.8,-1.6,54.05
609,1LZ1,Q,A,58,A,2.7,64.9,0.91,7.22
610,1LZ1,Q,A,58,G,2.7,64.9,1.87,7.22
611,1LZ1,Q,A,58,G,2.7,64.9,1.87,7.22
612,1LZ1,R,A,21,A,2.7,64.9,1.32,63.62
613,1LZ1,R,A,21,G,2.7,64.9,1.15,63.62
614,1LZ1,R,A,50,A,2.7,64.9,0.43,61.62
615,1LZ1,R,A,50,G,2.7,64.9,0.26,61.62
616,1LZ1,R,A,50,G,2.7,64.9,0.26,61.62
617,1LZ1,V,A,74,A,2.7,64.9,-0.36,60.7
618,1LZ1,V,A,74,A,2.7,49.2,-0.43,62.39
619,1LZ1,V,A,74,D,2.7,64.9,-0.43,60.7
620,1LZ1,V,A,74,F,2.7,64.9,-0.29,60.7
621,1LZ1,V,A,74,G,2.7,64.9,-0.22,60.7
622,1LZ1,V,A,74,I,2.7,64.9,0.45,60.7
623,1LZ1,V,A,74,L,2.7,64.9,0.19,60.7
624,1LZ1,V,A,74,M,2.7,64.9,0.65,60.7
625,1LZ1,V,A,74,N,2.7,64.9,-0.33,60.7
626,1LZ1,V,A,74,R,2.7,64.9,-0.07,60.7
627,1LZ1,V,A,74,S,2.7,64.9,-0.38,60.7
628,1LZ1,V,A,74,S,2.7,64.9,-0.38,60.7
629,1LZ1,V,A,74,Y,2.7,64.9,-0.24,60.7
630,1LZ1,V,A,93,A,2.7,64.9,-0.74,2.47
631,1LZ1,V,A,93,A,2.7,49.2,-1,2.86
632,1LZ1,V,A,93,T,2.7,64.9,-0.67,2.47
633,1LZ1,V,A,99,A,2.7,64.9,-0.98,1.69
634,1LZ1,V,A,99,A,2.7,49.2,-0.89,2.21
635,1LZ1,V,A,99,T,2.7,64.9,-0.5,1.69
636,1LZ1,Y,A,20,F,2.7,64.9,-0.5,23.82
637,1LZ1,Y,A,38,A,2.7,64.9,-2.49,8.42
638,1LZ1,Y,A,38,F,2.7,64.9,-0.19,8.42
639,1LZ1,Y,A,38,G,2.7,64.9,-2.32,8.42
640,1LZ1,Y,A,45,F,2.7,64.9,0.07,58.73
641,1LZ1,Y,A,54,F,2.7,64.9,-0.96,8.19
642,1LZ1,Y,A,63,F,2.7,64.9,-0.24,52.46
643,1LZ1,D,A,102,N,2.2,65,0.17,34.84
644,1LZ1,D,A,102,N,2.3,65,0.14,34.84
645,1LZ1,D,A,102,N,4,65,-0.67,34.84
646,1LZ1,D,A,102,N,4.5,65,0.07,34.84
647,1LZ1,D,A,120,N,2.2,65,0.1,64.33
648,1LZ1,D,A,120,N,2.3,65,0.19,64.33
649,1LZ1,D,A,120,N,4,65,-0.67,64.33
650,1LZ1,D,A,120,N,4.5,65,0.05,64.33
651,1LZ1,I,A,106,A,2.7,64.9,-0.93,2.54
652,1LZ1,I,A,106,V,2.7,64.9,-0.72,2.54
653,1LZ1,I,A,106,V,2.7,49.2,-0.98,7.03
654,1LZ1,N,A,118,A,2.7,64.9,0.19,102.25
655,1LZ1,N,A,118,G,2.7,64.9,0.05,102.25
656,1LZ1,V,A,100,A,2.7,49.2,-0.57,0.59
657,1LZ1,V,A,100,A,2.7,64.9,-0.26,0.59
658,1LZ1,V,A,100,F,2.7,64.9,-1.65,0.59
659,1LZ1,V,A,100,T,2.7,64.9,-0.29,0.59
660,1LZ1,V,A,110,A,2.7,64.9,0.53,60.12
661,1LZ1,V,A,110,A,2.7,49.2,0.07,61.87
662,1LZ1,V,A,110,D,2.7,64.9,0.17,60.12
663,1LZ1,V,A,110,F,2.7,64.9,-0.05,60.12
664,1LZ1,V,A,110,G,2.7,64.9,0.48,60.12
665,1LZ1,V,A,110,I,2.7,64.9,0.86,60.12
666,1LZ1,V,A,110,L,2.7,64.9,0.07,60.12
667,1LZ1,V,A,110,M,2.7,64.9,0.53,60.12
668,1LZ1,V,A,110,N,2.7,64.9,0.07,60.12
669,1LZ1,V,A,110,P,2.8,68.8,0.5,60.12
670,1LZ1,V,A,110,R,2.7,64.9,0.89,60.12
671,1LZ1,V,A,110,Y,2.7,64.9,-0.14,60.12
672,1LZ1,V,A,121,A,2.7,64.9,-1.44,10.74
673,1LZ1,V,A,121,A,2.7,49.2,-1.75,14.18
674,1LZ1,V,A,125,A,2.7,64.9,-1.32,18.41
675,1LZ1,V,A,125,A,2.7,49.2,-1.6,20.43
676,1LZ1,V,A,130,A,2.7,49.2,-1.12,39.43
677,1LZ1,V,A,130,A,2.7,64.9,-0.84,46.52
678,1LZ1,Y,A,124,F,2.7,64.9,-0.36,8.75
679,1MBG,V,A,103,A,7.5,25,-2.32,0
680,1MBG,V,A,103,I,7.5,25,0.69,0
681,1MBG,V,A,103,L,7.5,25,2.44,0
682,1N0J,I,A,58,T,7.8,70,-2.7,57.35
683,1ONC,M,A,23,L,2,25,-2.51,0
684,1ONC,M,A,23,L,2.5,25,-2.3,0
685,1ONC,M,A,23,L,3,25,-2.78,0
686,1ONC,M,A,23,L,3.5,25,-2.89,0
687,1ONC,M,A,23,L,4,25,-2.42,0
688,1ONC,M,A,23,L,5,25,-2.66,0
689,1ONC,M,A,23,L,6,25,-2.66,0
690,1ONC,M,A,23,L,7,25,-2.22,0
691,1ONC,M,A,23,L,8,25,-2.39,0
692,1OTR,V,B,5,A,3.75,50,-3.01,0
693,1OTR,V,B,5,N,3.75,50,-5.38,0
694,1OTR,V,B,5,T,3.75,50,-3.73,0
695,1OTR,E,B,34,C,3,65,0.91,41.67
696,1OTR,E,B,34,G,3,65,1.39,41.67
697,1OTR,E,B,34,H,3,65,-3.92,41.67
698,1OTR,E,B,34,I,3,65,1.65,41.67
699,1OTR,E,B,34,K,3,65,-2.15,41.67
700,1OTR,E,B,34,L,3,65,1.36,41.67
701,1OTR,E,B,34,P,3,65,-2.13,41.67
702,1OTR,E,B,34,Q,3,65,-1.46,41.67
703,1OTR,E,B,34,S,3,65,0.12,41.67
704,1OTR,E,B,34,T,3,65,1.51,41.67
705,1OTR,E,B,34,W,3,65,1.32,41.67
706,1OTR,I,B,30,L,3,50,-1.96,0
707,1OTR,I,B,36,F,3,50,-0.86,15.62
708,1OTR,I,B,36,L,3,50,-1.32,15.62
709,1OTR,I,B,36,V,3,50,-0.79,15.62
710,1OTR,L,B,67,A,3.75,50,-2.82,0.05
711,1OTR,L,B,67,N,3.75,50,-3.4,0.05
712,1OTR,L,B,67,S,3.75,50,-3.3,0.05
713,1OTR,L,B,67,T,3.75,50,-2.92,0.05
714,1OTR,Q,B,41,L,3.75,50,-0.26,0.11
715,1OTR,Q,B,41,N,3.75,50,-2.56,0.11
716,1OTR,Q,B,41,S,3.75,50,-1.27,0.11
717,1OTR,Q,B,41,T,3.75,50,-0.43,0.11
718,1OTR,Q,B,41,V,3.75,50,-0.05,0.11
719,1OTR,V,B,17,A,3.75,50,-1.63,1.82
720,1OTR,V,B,17,N,3.75,50,-4.9,1.82
721,1OTR,V,B,17,T,3.75,50,-1.89,1.82
722,1PGA,D,A,46,A,7,25,-1.36,38.45
723,1PGA,D,A,47,A,7,25,0.36,79.11
724,1PGA,K,A,50,A,7,25,-0.45,57.17
725,1PGA,T,A,49,A,7,25,-0.86,71.16
726,1PGA,T,A,53,C,5.2,60,0.78,20.98
727,1PGA,T,A,53,D,5.2,60,-0.85,20.98
728,1PGA,T,A,53,E,5.2,60,0.23,20.98
729,1PGA,T,A,53,F,5.2,60,1.08,20.98
730,1PGA,T,A,53,G,5.2,60,-1.21,20.98
731,1PGA,T,A,53,H,5.2,60,0.37,20.98
732,1PGA,T,A,53,I,5.2,60,1.25,20.98
733,1PGA,T,A,53,K,5.2,60,0.35,-29.13
734,1PGA,T,A,53,L,5.2,60,0.45,20.98
735,1PGA,T,A,53,M,5.2,60,0.9,20.98
736,1PGA,T,A,53,N,5.2,60,0.52,20.98
737,1PGA,T,A,53,Q,5.2,60,0.38,20.98
738,1PGA,T,A,53,R,5.2,60,0.4,20.98
739,1PGA,T,A,53,S,5.2,60,0.87,20.98
740,1PGA,T,A,53,V,5.2,60,0.94,20.98
741,1PGA,T,A,53,W,5.2,60,1.04,20.98
742,1PGA,T,A,53,Y,5.2,60,1.63,20.98
743,1PGA,V,A,54,A,7,25,-0.1,0.07
744,1POH,K,A,49,A,7,25,1.6,44.53
745,1POH,K,A,49,D,7,25,1.8,44.53
746,1POH,K,A,49,E,7,25,2.1,44.53
747,1POH,K,A,49,E,7,30,1.9,44.53
748,1POH,K,A,49,E,7,63.4,2.1,44.53
749,1POH,K,A,49,G,7,25,1.2,44.53
750,1POH,K,A,49,M,7,25,1,44.53
751,1POH,K,A,49,N,7,25,0.4,44.53
752,1POH,K,A,49,Q,7,25,1.5,44.53
753,1POH,K,A,49,R,7,25,-0.2,44.53
754,1POH,K,A,49,S,7,25,1.2,44.53
755,1POH,S,A,46,A,7,30,-0.9,27.13
756,1POH,S,A,46,A,7,30,-1.1,27.13
757,1POH,S,A,46,D,7,30,1.4,27.13
758,1POH,S,A,46,D,7,30,1.5,27.13
759,1POH,S,A,46,N,7,30,0.3,27.13
760,1POH,S,A,46,N,7,30,0.5,27.13
761,1RN1,N,C,9,A,7,25,-0.9,30.05
762,1RN1,N,C,9,A,7,50.9,-0.71,30.05
763,1RN1,A,C,21,C,2.5,0,-0.74,55.44
764,1RN1,A,C,21,D,2.5,0,0.33,55.44
765,1RN1,A,C,21,D,7,0,-0.71,55.44
766,1RN1,A,C,21,E,2.5,0,0.05,55.44
767,1RN1,A,C,21,E,7,0,-0.69,55.44
768,1RN1,A,C,21,F,2.5,0,-0.57,55.44
769,1RN1,A,C,21,G,2.5,0,-0.9,55.44
770,1RN1,A,C,21,H,2.5,0,-0.56,55.44
771,1RN1,A,C,21,H,7,0,-0.17,55.44
772,1RN1,A,C,21,I,2.5,0,-0.44,55.44
773,1RN1,A,C,21,K,2.5,0,-0.51,55.44
774,1RN1,A,C,21,L,2.5,0,-0.13,55.44
775,1RN1,A,C,21,M,2.5,0,-0.15,55.44
776,1RN1,A,C,21,N,2.5,0,0.34,55.44
777,1RN1,A,C,21,Q,2.5,0,-0.26,55.44
778,1RN1,A,C,21,Q,7,0,-0.4,55.44
779,1RN1,A,C,21,R,2.5,0,-0.41,55.44
780,1RN1,A,C,21,S,2.5,0,-0.49,55.44
781,1RN1,A,C,21,S,7,0,-0.4,55.44
782,1RN1,A,C,21,T,2.5,0,-0.57,55.44
783,1RN1,A,C,21,V,2.5,0,-0.66,55.44
784,1RN1,A,C,21,W,2.5,0,-0.3,55.44
785,1RN1,A,C,21,Y,2.5,0,-0.39,55.44
786,1RN1,D,C,49,H,7,25,1.1,100.49
787,1RN1,D,C,76,A,7,15,-3.7,2.36
788,1RN1,D,C,76,A,7,15,-3.8,2.36
789,1RN1,D,C,76,N,7,15,-3.1,2.36
790,1RN1,D,C,76,N,7,15,-3.1,2.36
791,1RN1,D,C,76,S,7,15,-3.1,2.36
792,1RN1,D,C,76,S,7,15,-3.3,2.36
793,1RN1,E,C,58,A,7,25,-0.77,4.69
794,1RN1,E,C,58,A,7,48.6,-0.78,4.69
795,1RN1,H,C,40,T,6,25,-0.26,36.34
796,1RN1,H,C,92,A,6,25,-0.62,21.33
797,1RN1,N,C,36,A,7,25,0.03,46.31
798,1RN1,N,C,36,A,7,50.9,0,46.31
799,1RN1,N,C,44,A,7,25,-2.08,33.95
800,1RN1,N,C,44,A,7,50.8,-1.6,33.95
801,1RN1,N,C,44,A,7,50.9,-1.86,33.95
802,1RN1,N,C,44,D,7,50.8,-1.6,33.95
803,1RN1,N,C,44,S,7,50.8,-1.5,33.95
804,1RN1,N,C,81,A,7,25,-2.87,3.96
805,1RN1,N,C,81,A,7,50.9,-2.91,3.96
806,1RN1,Q,C,25,K,7,25,0.94,53.08
807,1RN1,Q,C,25,K,7,48.6,0.93,53.08
808,1RN1,S,C,12,A,7,25,-1.23,37.46
809,1RN1,S,C,12,A,7,50.9,-1.08,37.46
810,1RN1,S,C,17,A,7,25,0.67,53.5
811,1RN1,S,C,17,A,7,50.9,0.57,53.5
812,1RN1,S,C,64,A,7,25,-1.44,72.01
813,1RN1,S,C,64,A,7,50.9,-1.56,72.01
814,1RN1,W,C,59,Y,6,25,-0.93,0.75
815,1RN1,Y,C,11,F,7,25,-2.11,2.76
816,1RN1,Y,C,11,F,7,50.9,-2.03,2.76
817,1RN1,Y,C,24,W,6,25,1.24,16.66
818,1RN1,Y,C,42,F,7,25,1.14,6.5
819,1RN1,Y,C,42,F,7,50.9,1.15,6.5
820,1RN1,Y,C,42,W,6,25,-0.14,6.5
821,1RN1,Y,C,45,W,6,25,0.74,59.66
822,1RN1,Y,C,56,F,7,25,-0.78,11.37
823,1RN1,Y,C,56,F,7,50.9,-0.71,11.37
824,1RN1,Y,C,57,F,7,25,-0.5,6.32
825,1RN1,Y,C,57,F,7,50.9,-0.44,6.32
826,1RN1,Y,C,68,F,7,25,-1.36,3.74
827,1RN1,Y,C,68,F,7,50.9,-1.35,3.74
828,1ROP,D,A,30,A,7,69,0.3,87.44
829,1ROP,D,A,30,C,7,69,0.8,87.44
830,1ROP,D,A,30,E,7,69,1,87.44
831,1ROP,D,A,30,F,7,69,-0.1,87.44
832,1ROP,D,A,30,G,7,69,2,87.44
833,1ROP,D,A,30,H,7,69,0.9,87.44
834,1ROP,D,A,30,I,7,69,-0.8,87.44
835,1ROP,D,A,30,K,7,69,0.9,87.44
836,1ROP,D,A,30,L,7,69,-0.1,87.44
837,1ROP,D,A,30,M,7,69,0.6,87.44
838,1ROP,D,A,30,N,7,69,0.8,87.44
839,1ROP,D,A,30,P,7,69,-1.6,87.44
840,1ROP,D,A,30,Q,7,69,1.8,87.44
841,1ROP,D,A,30,R,7,69,0.8,87.44
842,1ROP,D,A,30,S,7,69,1,87.44
843,1ROP,D,A,30,T,7,69,-0.4,87.44
844,1ROP,D,A,30,V,7,69,-0.4,87.44
845,1ROP,D,A,30,W,7,69,-0.4,87.44
846,1ROP,D,A,30,Y,7,69,0.2,87.44
847,1ROP,L,A,41,A,6,25,-6.12,46.53
848,1ROP,L,A,41,V,6,25,-2.53,46.53
849,1RTB,P,A,93,A,4.2,56.05,-2.7,73.29
850,1RTB,P,A,93,G,6,61.6,-2.2,73.29
851,1RTB,P,A,93,G,6,61.8,-2.6,73.29
852,1RTB,P,A,93,S,4.2,56.05,-2.1,73.29
853,1RTB,Y,A,97,A,5,63.3,-12,2.95
854,1RTB,Y,A,97,F,5,63.3,-3.54,2.95
855,1RTB,Y,A,97,G,5,63.3,-11.7,2.95
856,1RTB,D,A,121,A,1.2,25,-0.72,8.33
857,1RTB,D,A,121,A,6,25,-2.2,8.33
858,1RTB,D,A,121,N,1.2,25,-0.76,8.33
859,1RTB,D,A,121,N,6,25,-1.9,8.33
860,1RTB,H,A,119,A,1.2,25,1.1,38.54
861,1RTB,H,A,119,A,6,25,0.2,38.54
862,1RTB,P,A,114,A,4.2,56.05,-3.2,79
863,1RTB,P,A,114,G,4.2,56.05,-2.8,79
864,1RTB,P,A,114,G,6,61.6,-3.3,79
865,1RTB,P,A,114,G,6,61.8,-3.6,79
866,1RX4,L,A,28,R,7.8,15,0.5,67.72
867,1RX4,V,A,75,A,7.8,15,-0.2,7.94
868,1RX4,V,A,75,C,7.8,15,-0.2,7.94
869,1RX4,V,A,75,H,6.5,15,-1.9,7.94
870,1RX4,V,A,75,H,7.8,15,-1.7,7.94
871,1RX4,V,A,75,I,7.8,15,-2,7.94
872,1RX4,V,A,75,R,7.8,15,-2.8,7.94
873,1RX4,V,A,75,S,7.8,15,-1.9,7.94
874,1RX4,V,A,75,Y,7.8,15,-2.3,7.94
875,1RX4,V,A,88,A,7.2,20,0.2,33.77
876,1RX4,V,A,88,I,7.2,20,-1.73,33.77
877,1RX4,E,A,139,K,7.8,15,-2.36,42.36
878,1RX4,E,A,139,Q,7.8,15,-1.36,42.36
879,1SAR,D,A,25,K,7,47.2,-0.9,87.86
880,1SAR,E,A,74,K,7,47.2,-1.1,80.48
881,1SAR,N,A,39,A,7,48.4,-2.2,11.68
882,1SAR,N,A,39,D,7,48.4,-1.5,11.68
883,1SAR,N,A,39,S,7,48.4,-2.3,11.68
884,1SHG,F,A,52,Y,7,24.85,-0.44,25.36
885,1SHG,K,A,18,F,7,24.85,2.33,75.94
886,1SHG,K,A,59,F,7,24.85,0.92,52.65
887,1SHG,K,A,59,F,7,24.85,2.51,52.65
888,1SHG,K,A,59,Y,7,24.85,0.84,52.65
889,1SHG,Y,A,13,F,7,24.85,2.53,55.59
890,1SHG,Y,A,13,F,7,25,0.03,55.59
891,1SHG,Y,A,57,F,7,24.85,2.57,35.24
892,1SHG,Y,A,57,F,7,25,0.07,35.24
893,1STN,A,A,60,G,7,20,-1.5,55.08
894,1STN,A,A,60,V,7,20,-2.9,55.08
895,1STN,A,A,90,S,7,20,-2,0
896,1STN,A,A,90,S,5,47,-2.6,0
897,1STN,A,A,90,S,7,51.4,-2.5,0
898,1STN,D,A,77,A,7,20,-3.2,2.5
899,1STN,D,A,77,G,7,20,-2.2,2.5
900,1STN,D,A,83,A,7,20,-3.9,24.71
901,1STN,D,A,83,G,7,20,-2.8,24.71
902,1STN,D,A,95,A,7,20,-3.6,39.42
903,1STN,D,A,95,G,7,20,-3.1,39.42
904,1STN,E,A,73,A,7,20,-1.6,26.22
905,1STN,F,A,61,A,7,20,-2.4,27.9
906,1STN,F,A,61,G,7,20,-4.7,27.9
907,1STN,F,A,76,A,7,20,-4.1,8.47
908,1STN,F,A,76,G,7,20,-4.7,8.47
909,1STN,G,A,79,S,7,20,-2.4,23.63
910,1STN,G,A,79,S,5.28,40,-1.8,23.63
911,1STN,G,A,79,S,5,47,-1.2,23.63
912,1STN,G,A,79,S,7,51.4,-1.3,23.63
913,1STN,G,A,88,V,5,47,0.6,0.13
914,1STN,G,A,88,V,7,51.4,0.5,0.13
915,1STN,H,A,46,Y,5.38,40,0,21.06
916,1STN,I,A,18,G,7,20,-2.6,26.54
917,1STN,I,A,18,M,5.42,40,-0.2,26.54
918,1STN,L,A,25,A,5,47,-2.8,0
919,1STN,L,A,25,A,7,51.4,-2.6,0
920,1STN,L,A,36,A,7,20,-3.6,0
921,1STN,L,A,36,G,7,20,-5.4,0
922,1STN,L,A,37,A,7,20,-1.8,7.1
923,1STN,L,A,37,G,7,20,-3.9,7.1
924,1STN,L,A,89,F,5.38,40,-1.2,14.15
925,1STN,T,A,33,S,7,20,-1.4,24.59
926,1STN,T,A,62,A,7,20,-2.4,0
927,1STN,T,A,62,G,7,20,-3.4,0
928,1STN,V,A,23,F,5.35,40,-1.5,0.13
929,1STN,V,A,66,L,5,47,0.6,1.5
930,1STN,V,A,66,L,7,51.4,0.8,1.5
931,1STN,Y,A,91,S,7,20,-5.3,0
932,1STN,H,A,124,L,5.2,40,0.7,50.69
933,1STN,H,A,124,L,5,47,1.9,50.69
934,1STN,H,A,124,L,7,51.4,1.3,50.69
935,1STN,L,A,103,A,7,20,-4.6,0
936,1STN,N,A,118,D,7,20,-2.5,4.99
937,1SUP,M,A,50,F,8,58.8,0.48,17.04
938,1SUP,N,A,76,D,8,58.8,0.45,61.48
939,1SUP,G,A,169,A,8,58.8,0.3,0.89
940,1SUP,N,A,218,S,8,58.8,1.07,60.18
941,1SUP,Q,A,206,C,8,58.8,1.25,36.17
942,1SUP,Y,A,217,K,8,58.8,0.72,32.52
943,1TUP,C,A,242,S,7.2,10,-2.94,13.6
944,1TUP,R,A,175,H,7.2,10,-3.01,2.53
945,1TUP,R,A,248,Q,7.2,10,-1.94,84.76
946,1TUP,R,A,249,S,7.2,10,-1.95,11.48
947,1TUP,R,A,273,H,7.2,10,-0.35,32.05
948,1VQB,I,A,6,V,7,25,-0.7,0.59
949,1VQB,A,A,86,T,7,25,-0.7,89.29
950,1VQB,A,A,86,V,7,25,0.5,89.29
951,1VQB,C,A,33,A,7,25,-0.5,0
952,1VQB,C,A,33,I,7,25,-0.9,0
953,1VQB,C,A,33,L,7,25,-2.6,0
954,1VQB,C,A,33,M,7,25,-3.5,0
955,1VQB,C,A,33,S,7,25,-4.2,0
956,1VQB,C,A,33,S,7,25,-4.3,0
957,1VQB,C,A,33,T,7,25,-4.6,0
958,1VQB,C,A,33,V,7,25,-0.2,0
959,1VQB,D,A,36,C,7,25,-2,34.42
960,1VQB,D,A,36,C,7,25,-2.1,34.42
961,1VQB,D,A,36,N,7,25,-1,34.42
962,1VQB,D,A,50,H,7,25,-1.5,28.52
963,1VQB,D,A,50,H,7,25,-1.6,28.52
964,1VQB,E,A,30,F,7,25,2,16.94
965,1VQB,E,A,30,F,7,25,2.1,16.94
966,1VQB,E,A,30,M,7,25,0.6,16.94
967,1VQB,E,A,30,M,7,25,0.7,16.94
968,1VQB,E,A,30,N,7,25,-1.1,16.94
969,1VQB,F,A,13,T,7,25,-0.7,41.26
970,1VQB,F,A,68,L,7,25,-4.2,31.39
971,1VQB,F,A,68,L,7,25,-4.3,31.39
972,1VQB,F,A,68,V,7,25,-5,31.39
973,1VQB,H,A,64,C,7,25,0.5,43.05
974,1VQB,I,A,47,A,7,25,-7,2.43
975,1VQB,I,A,47,A,7,25,-7.1,2.43
976,1VQB,I,A,47,C,7,25,-5.2,2.43
977,1VQB,I,A,47,C,7,25,-5.3,2.43
978,1VQB,I,A,47,F,7,25,-1.9,2.43
979,1VQB,I,A,47,F,7,25,-2,2.43
980,1VQB,I,A,47,L,7,25,-0.6,2.43
981,1VQB,I,A,47,L,7,25,-0.7,2.43
982,1VQB,I,A,47,M,7,25,-2.1,2.43
983,1VQB,I,A,47,M,7,25,-2.2,2.43
984,1VQB,I,A,47,T,7,25,-7.4,2.43
985,1VQB,I,A,47,V,7,25,-2.5,2.43
986,1VQB,I,A,47,V,7,25,-2.6,2.43
987,1VQB,I,A,78,C,7,25,-4.4,49.51
988,1VQB,I,A,78,T,7,25,-6.6,49.51
989,1VQB,I,A,78,V,7,25,-1.3,49.51
990,1VQB,K,A,24,V,7,25,0.8,76.76
991,1VQB,K,A,69,H,7,25,-1.2,42.15
992,1VQB,K,A,69,H,7,25,-1.3,42.15
993,1VQB,K,A,69,M,7,25,0.1,42.15
994,1VQB,K,A,69,M,7,25,0.2,42.15
995,1VQB,L,A,28,V,7,25,1.1,34.35
996,1VQB,L,A,32,H,7,25,-0.9,43.15
997,1VQB,L,A,32,R,7,25,-1.6,43.15
998,1VQB,L,A,32,W,7,25,2.8,43.15
999,1VQB,L,A,32,Y,7,25,1,43.15
1000,1VQB,L,A,37,A,7,25,-7.7,63.24
1001,1VQB,L,A,37,C,7,25,-4.6,63.24
1002,1VQB,L,A,37,I,7,25,-1.4,63.24
1003,1VQB,L,A,37,T,7,25,-5.2,63.24
1004,1VQB,L,A,37,V,7,25,-3.5,63.24
1005,1VQB,L,A,49,A,7,25,-6.1,4.92
1006,1VQB,L,A,49,C,7,25,-4.1,4.92
1007,1VQB,L,A,49,I,7,25,-1.9,4.92
1008,1VQB,L,A,49,T,7,25,-5.7,4.92
1009,1VQB,L,A,49,V,7,25,-2.9,4.92
1010,1VQB,L,A,65,P,7,25,-1.5,84.16
1011,1VQB,L,A,81,C,7,25,-3.7,11.58
1012,1VQB,L,A,81,T,7,25,-5.1,11.58
1013,1VQB,L,A,81,V,7,25,-0.2,11.58
1014,1VQB,M,A,77,A,7,25,-2.1,44.83
1015,1VQB,M,A,77,C,7,25,0,44.83
1016,1VQB,M,A,77,F,7,25,-0.2,44.83
1017,1VQB,M,A,77,I,7,25,1.6,44.83
1018,1VQB,M,A,77,L,7,25,-1.2,44.83
1019,1VQB,M,A,77,T,7,25,-0.8,44.83
1020,1VQB,M,A,77,V,7,25,1.2,44.83
1021,1VQB,R,A,82,C,7,25,-1.5,22.14
1022,1VQB,S,A,67,C,7,25,-3.7,0
1023,1VQB,S,A,67,T,7,25,-1.6,0
1024,1VQB,T,A,48,C,7,25,-0.8,13.84
1025,1VQB,T,A,48,V,7,25,0,13.84
1026,1VQB,T,A,62,C,7,25,-0.7,39.37
1027,1VQB,T,A,62,V,7,25,1.3,39.37
1028,1VQB,V,A,19,C,7,25,-0.3,65.71
1029,1VQB,V,A,19,T,7,25,-0.6,65.71
1030,1VQB,V,A,35,A,7,25,-2.2,5.53
1031,1VQB,V,A,35,A,7,25,-2.2,5.53
1032,1VQB,V,A,35,C,7,25,-1.4,5.53
1033,1VQB,V,A,35,C,7,25,-1.4,5.53
1034,1VQB,V,A,35,F,7,25,-3.1,5.53
1035,1VQB,V,A,35,F,7,25,-3.2,5.53
1036,1VQB,V,A,35,I,7,25,-0.6,5.53
1037,1VQB,V,A,35,I,7,25,-0.7,5.53
1038,1VQB,V,A,35,L,7,25,-2.7,5.53
1039,1VQB,V,A,35,L,7,25,-2.7,5.53
1040,1VQB,V,A,35,M,7,25,-1,5.53
1041,1VQB,V,A,35,M,7,25,-1.1,5.53
1042,1VQB,V,A,35,T,7,25,-5.3,5.53
1043,1VQB,V,A,43,C,7,25,-2.1,36.11
1044,1VQB,V,A,43,T,7,25,-1.6,36.11
1045,1VQB,V,A,45,A,7,25,-2.1,32.27
1046,1VQB,V,A,45,C,7,25,-0.1,32.27
1047,1VQB,V,A,45,L,7,25,-3,32.27
1048,1VQB,V,A,45,T,7,25,-3.5,32.27
1049,1VQB,V,A,63,C,7,25,-4.1,15.35
1050,1VQB,V,A,63,T,7,25,-5,15.35
1051,1VQB,V,A,70,C,7,25,-3.1,68.05
1052,1VQB,V,A,70,C,7,25,-3.3,68.05
1053,1VQB,V,A,70,P,7,25,-5,68.05
1054,1VQB,V,A,70,P,7,25,-5.1,68.05
1055,1VQB,V,A,70,T,7,25,-3.5,68.05
1056,1VQB,Y,A,26,R,7,25,-0.4,38.32
1057,1VQB,Y,A,41,A,7,25,-0.4,79.6
1058,1VQB,Y,A,41,F,7,25,-0.6,79.6
1059,1YCC,F,A,82,Y,6,25,-0.7,17.64
1060,1YCC,K,A,73,I,4.5,25,-0.4,83.62
1061,1YCC,K,A,73,V,4.5,25,0.1,83.62
1062,1YCC,K,A,73,W,4.5,25,-1.6,83.62
1063,1YCC,L,A,85,A,6,25,-2.8,4.81
1064,1YCC,N,A,52,A,4.6,26.85,0.63,11.48
1065,1YCC,N,A,52,H,4.6,26.85,-1.27,11.48
1066,1YCC,N,A,52,I,3.5,26.85,2.62,11.48
1067,1YCC,N,A,52,I,4,26.85,3.03,11.48
1068,1YCC,N,A,52,I,4.6,26.85,3.14,11.48
1069,1YCC,N,A,52,I,5,26.85,2.02,11.48
1070,1YCC,N,A,52,I,6,46.5,4.3,11.48
1071,1YCC,N,A,52,I,4.6,37,3.14,19.6
1072,1YCC,N,A,52,L,4.6,26.85,2.56,11.48
1073,1YCC,N,A,52,M,4,26.85,2.91,11.48
1074,1YCC,N,A,52,M,4.6,26.85,2.25,11.48
1075,1YCC,N,A,52,Q,4.6,26.85,-0.08,11.48
1076,1YCC,N,A,52,S,4,26.85,0.74,11.48
1077,1YCC,N,A,52,S,4.6,26.85,-0.05,11.48
1078,1YCC,N,A,52,S,5,26.85,-1.29,11.48
1079,1YCC,N,A,52,T,3.5,26.85,0.98,11.48
1080,1YCC,N,A,52,T,4,26.85,1.01,11.48
1081,1YCC,N,A,52,T,4.6,26.85,0.59,11.48
1082,1YCC,N,A,52,T,5,26.85,-0.53,11.48
1083,1YCC,N,A,52,V,4,26.85,2.44,11.48
1084,1YCC,N,A,52,V,4.6,26.85,1.67,11.48
1085,1YCC,P,A,76,G,4.6,25,-0.78,70.82
1086,1YCC,P,A,76,L,4.6,25,-3.44,70.82
1087,1YCC,P,A,76,R,4.6,25,-0.97,70.82
1088,1YCC,P,A,76,S,4.6,25,-1.89,70.82
1089,1YCC,P,A,76,V,4.6,25,-1.07,70.82
1090,1YCC,P,A,76,W,4.6,25,-2.38,70.82
1091,1YCC,P,A,76,Y,4.6,25,-2.07,70.82
1092,1YCC,C,A,102,A,6,46.5,2.9,0.85
1093,1YCC,C,A,102,S,6,46.5,2.8,0.85
1094,1YCC,C,A,102,T,4.7,51.4,0.5,0.85
1095,1YCC,C,A,102,T,4.7,51.4,5.3,0.85
1096,1YCC,C,A,102,T,6,57.1,0.8,0.85
1097,1YCC,C,A,102,T,6,57.1,5.7,0.85
1098,2ABD,A,A,9,G,5.3,5,-1.81,8.17
1099,2ABD,F,A,5,A,5.3,5,-2.52,0
1100,2ABD,A,A,34,G,5.3,5,-1.57,6.35
1101,2ABD,D,A,21,A,5.3,5,0.42,18.46
1102,2ABD,D,A,21,H,5.3,5,-0.56,18.46
1103,2ABD,E,A,67,A,5.3,5,-0.36,55.7
1104,2ABD,K,A,32,A,5.3,5,-1.02,25.13
1105,2ABD,K,A,32,E,5.3,5,-1.68,25.13
1106,2ABD,K,A,32,R,5.3,5,-1.83,25.13
1107,2ABD,K,A,52,M,5.3,5,0.18,36.17
1108,2ABD,K,A,54,A,5.3,5,-0.86,36.17
1109,2ABD,K,A,54,M,5.3,5,0.27,36.17
1110,2ABD,L,A,15,A,5.3,5,-3.1,0.33
1111,2ABD,L,A,25,A,5.3,5,-1.02,8.74
1112,2ABD,L,A,80,A,5.3,5,-3.7,1.8
1113,2ABD,P,A,19,A,5.3,5,-1.07,4.51
1114,2ABD,P,A,44,A,5.3,5,-1.4,35.66
1115,2ABD,Q,A,33,A,5.3,5,-3.66,0.73
1116,2ABD,T,A,35,A,5.3,5,-1.09,36.7
1117,2ABD,V,A,12,A,5.3,5,-1.69,5.14
1118,2ABD,V,A,77,A,5.3,5,-1.14,2.34
1119,2ABD,Y,A,28,A,5.3,5,-2.47,24.85
1120,2ABD,Y,A,28,F,5.3,5,-1.06,24.85
1121,2ABD,Y,A,28,N,5.3,5,-2.23,24.85
1122,2ABD,Y,A,31,N,5.3,5,-1.52,26.2
1123,2ABD,Y,A,73,A,5.3,5,-4.83,1.59
1124,2ABD,Y,A,73,F,5.3,5,0.27,1.59
1125,2AFG,L,A,44,P,6.6,40.05,0.69,0
1126,2AFG,L,A,73,V,6.6,40.05,-1.46,3.93
1127,2AFG,V,A,109,L,6.6,40.05,-0.57,0.33
1128,2AKY,V,A,8,I,7.5,25,-1.2,0.39
1129,2AKY,T,A,77,H,7.5,25,-2.15,73.04
1130,2AKY,I,A,213,F,7.5,25,-1.91,0
1131,2AKY,N,A,169,D,7.5,25,-2.15,49.66
1132,2CI2,A,I,35,G,6.25,25,-1.09,0
1133,2CI2,A,I,77,G,6.3,25,-1.88,40.02
1134,2CI2,D,I,42,A,6.25,25,-0.96,41.78
1135,2CI2,D,I,64,A,6.25,25,-0.8,21.24
1136,2CI2,D,I,71,A,6.25,25,-3.41,40.94
1137,2CI2,E,I,26,A,6.25,25,-0.47,50.2
1138,2CI2,E,I,26,Q,6.25,25,-0.62,50.2
1139,2CI2,E,I,33,D,6.25,25,-0.52,56.84
1140,2CI2,E,I,33,N,6.25,25,-0.7,56.84
1141,2CI2,E,I,33,N,6.3,46.45,-0.7,56.84
1142,2CI2,E,I,33,Q,6.25,25,-0.29,56.84
1143,2CI2,E,I,34,D,6.25,25,-0.74,50.72
1144,2CI2,E,I,34,N,6.25,25,-1.07,50.72
1145,2CI2,E,I,34,Q,6.25,25,-0.47,50.72
1146,2CI2,E,I,45,A,6.25,25,-0.32,54.49
1147,2CI2,E,I,45,A,4.15,74.3,0.82,54.49
1148,2CI2,E,I,60,A,6.25,25,-0.7,52.83
1149,2CI2,E,I,60,A,6.3,25,-0.68,52.83
1150,2CI2,F,I,69,A,6.25,25,-3.84,17.19
1151,2CI2,F,I,69,L,6.25,25,-2.11,17.19
1152,2CI2,F,I,69,L,6.3,46.45,-2.11,17.19
1153,2CI2,F,I,69,V,6.25,25,-2.39,17.19
1154,2CI2,I,I,39,V,3,25,-1.2,0
1155,2CI2,I,I,39,V,3.5,25,-1.16,0
1156,2CI2,I,I,39,V,6.25,25,-1.3,0
1157,2CI2,I,I,39,V,6.3,25,-1.27,0
1158,2CI2,I,I,39,V,6.3,46.45,-1.3,0
1159,2CI2,I,I,48,A,3.5,25,-3.89,18.27
1160,2CI2,I,I,48,A,6.3,25,-3.84,18.27
1161,2CI2,I,I,48,V,3.5,25,-0.92,18.27
1162,2CI2,I,I,48,V,6.3,25,-1.09,18.27
1163,2CI2,I,I,48,V,6.3,46.45,-1.11,18.27
1164,2CI2,I,I,49,A,6.3,25,-2.12,40.7
1165,2CI2,I,I,49,A,6.3,46.45,-2.12,40.7
1166,2CI2,I,I,49,G,6.3,25,-3.52,40.7
1167,2CI2,I,I,49,T,6.3,25,-1.34,40.7
1168,2CI2,I,I,49,V,6.3,25,0.08,40.7
1169,2CI2,I,I,49,V,6.3,46.45,0.08,40.7
1170,2CI2,I,I,56,A,6.25,25,-0.03,94.49
1171,2CI2,I,I,76,A,3,25,-4.23,0.54
1172,2CI2,I,I,76,A,3.5,25,-4.34,0.54
1173,2CI2,I,I,76,A,6.3,25,-4.25,0.54
1174,2CI2,I,I,76,V,3,25,0.09,0.54
1175,2CI2,I,I,76,V,6.3,25,0.21,0.54
1176,2CI2,I,I,76,V,6.3,46.45,0.19,0.54
1177,2CI2,K,I,21,A,6.25,25,-0.55,41.37
1178,2CI2,K,I,21,M,6.25,25,-0.67,41.37
1179,2CI2,K,I,30,A,6.25,25,0.42,41.23
1180,2CI2,K,I,36,A,6.25,25,-0.49,43.9
1181,2CI2,K,I,36,A,6.3,46.45,-0.49,43.9
1182,2CI2,K,I,36,G,6.25,25,-2.32,43.9
1183,2CI2,K,I,37,A,6.25,25,0.21,67.57
1184,2CI2,K,I,37,A,6.3,46.45,0.23,67.57
1185,2CI2,K,I,37,G,6.25,25,-0.99,67.57
1186,2CI2,K,I,37,G,6.3,46.45,-0.97,67.57
1187,2CI2,K,I,43,A,6.25,25,-0.65,4.38
1188,2CI2,K,I,43,A,6.3,46.45,-0.65,4.38
1189,2CI2,K,I,43,A,4.15,74.3,0.26,4.38
1190,2CI2,K,I,43,G,6.25,25,-3.19,4.38
1191,2CI2,K,I,72,N,6.25,25,0,101.22
1192,2CI2,L,I,27,A,3,25,-2.66,0.49
1193,2CI2,L,I,27,A,6.3,25,-2.64,0.49
1194,2CI2,L,I,27,A,6.3,46.45,-2.68,0.49
1195,2CI2,L,I,40,A,6.25,25,-1.33,43.53
1196,2CI2,L,I,40,G,6.25,25,-1.38,43.53
1197,2CI2,L,I,51,A,6.25,25,-2.37,21.25
1198,2CI2,L,I,51,A,6.3,46.45,-2.37,21.25
1199,2CI2,L,I,51,I,6.25,25,-0.26,21.25
1200,2CI2,L,I,51,V,6.25,25,-0.5,21.25
1201,2CI2,L,I,51,V,6.3,46.45,-0.5,21.25
1202,2CI2,L,I,68,A,3.5,25,-3.74,0.05
1203,2CI2,L,I,68,A,6.3,25,-3.82,0.05
1204,2CI2,N,I,75,A,6.25,25,-0.83,28.35
1205,2CI2,N,I,75,D,6.25,25,-1.21,28.35
1206,2CI2,P,I,25,A,6.25,25,-1.57,50.18
1207,2CI2,P,I,44,A,6.25,25,-1.76,77.17
1208,2CI2,P,I,44,A,4.15,74.3,1.82,77.17
1209,2CI2,P,I,52,A,6.25,25,-0.17,61.38
1210,2CI2,P,I,80,A,6.25,25,-3.34,2.61
1211,2CI2,Q,I,41,A,6.25,25,-0.02,78.16
1212,2CI2,Q,I,41,G,6.25,25,-0.6,78.16
1213,2CI2,R,I,62,A,6.25,25,-0.58,49.69
1214,2CI2,S,I,31,A,3,25,1,20.48
1215,2CI2,S,I,31,A,6.25,25,-0.89,20.48
1216,2CI2,S,I,31,A,6.3,46.45,-0.89,20.48
1217,2CI2,S,I,31,G,3.5,25,0.84,20.48
1218,2CI2,S,I,31,G,6.25,25,-0.8,20.48
1219,2CI2,T,I,22,A,6.3,25,-0.85,38.57
1220,2CI2,T,I,22,A,6.3,46.45,-0.85,38.57
1221,2CI2,T,I,22,G,6.3,25,-1.16,38.57
1222,2CI2,T,I,22,V,6.3,25,-0.32,38.57
1223,2CI2,T,I,55,A,6.25,25,0.23,41.17
1224,2CI2,T,I,55,S,6.25,25,-0.02,41.17
1225,2CI2,T,I,55,V,6.25,25,-0.76,41.17
1226,2CI2,V,I,38,A,3,25,-0.46,34.03
1227,2CI2,V,I,38,A,6.25,25,-0.49,34.03
1228,2CI2,V,I,38,A,6.3,25,-0.46,34.03
1229,2CI2,V,I,38,A,6.3,46.45,-0.48,34.03
1230,2CI2,V,I,53,A,6.3,25,-0.64,50.68
1231,2CI2,V,I,53,A,6.3,46.45,-0.63,50.68
1232,2CI2,V,I,53,G,6.3,25,-2.43,50.68
1233,2CI2,V,I,53,T,6.3,25,-1.03,50.68
1234,2CI2,V,I,53,T,6.3,46.45,-1.03,50.68
1235,2CI2,V,I,57,A,6.25,25,-1.47,40.27
1236,2CI2,V,I,66,A,3.5,25,-4.91,0
1237,2CI2,V,I,66,A,6.3,25,-4.88,0
1238,2CI2,V,I,70,A,3,25,-2.17,7.87
1239,2CI2,V,I,70,A,6.3,25,-1.95,7.87
1240,2CI2,V,I,70,A,6.3,46.45,-1.95,7.87
1241,2CI2,V,I,79,A,6.3,25,-1.51,25.63
1242,2CI2,V,I,79,G,6.3,25,-3.24,25.63
1243,2CI2,V,I,79,T,6.3,25,-0.38,25.63
1244,2CI2,V,I,82,A,6.3,25,-1.45,11.58
1245,2CI2,V,I,82,G,6.3,25,-3.5,11.58
1246,2CI2,V,I,82,T,6.3,25,-1.15,11.58
1247,2HPR,G,A,49,A,7,25,0.8,23.76
1248,2HPR,G,A,49,E,7,25,1.4,23.76
1249,2HPR,G,A,49,K,7,25,-1,23.76
1250,2LZM,I,A,3,A,2,41.9,-1.1,10.7
1251,2LZM,I,A,3,A,6.5,64.7,-0.7,10.7
1252,2LZM,I,A,3,C,2,41.9,1,10.7
1253,2LZM,I,A,3,C,2,41.9,-0.4,10.7
1254,2LZM,I,A,3,C,6.5,64.7,1.2,10.7
1255,2LZM,I,A,3,C,6.5,64.7,-1.2,10.7
1256,2LZM,I,A,3,D,2,41.9,-1.8,10.7
1257,2LZM,I,A,3,D,6.5,64.7,-3.2,10.7
1258,2LZM,I,A,3,E,2,38.75,-1.77,10.7
1259,2LZM,I,A,3,E,2,41.9,-1.1,10.7
1260,2LZM,I,A,3,E,2.5,46.16,-1.71,10.7
1261,2LZM,I,A,3,E,3,53.56,-1.53,10.7
1262,2LZM,I,A,3,E,6.5,64.7,-2,10.7
1263,2LZM,I,A,3,F,2,38.75,-1.49,10.7
1264,2LZM,I,A,3,F,2,41.9,-1,10.7
1265,2LZM,I,A,3,F,2.5,46.16,-1.09,10.7
1266,2LZM,I,A,3,F,3,53.56,-0.53,10.7
1267,2LZM,I,A,3,F,6.5,64.7,-1.1,10.7
1268,2LZM,I,A,3,G,2,41.9,-1.8,10.7
1269,2LZM,I,A,3,G,6.5,64.7,-2.1,10.7
1270,2LZM,I,A,3,L,2,38.75,0.85,10.7
1271,2LZM,I,A,3,L,2,41.9,0.9,10.7
1272,2LZM,I,A,3,L,2.5,46.16,1.01,10.7
1273,2LZM,I,A,3,L,3,53.42,0.83,10.7
1274,2LZM,I,A,3,L,3,53.56,1.16,10.7
1275,2LZM,I,A,3,L,6.5,64.7,0.4,10.7
1276,2LZM,I,A,3,L,5.4,66.51,0.7,10.7
1277,2LZM,I,A,3,M,2,41.9,-0.3,10.7
1278,2LZM,I,A,3,M,6.5,64.7,-0.9,10.7
1279,2LZM,I,A,3,P,2,38.75,-2.96,10.7
1280,2LZM,I,A,3,P,2.5,46.16,-2.97,10.7
1281,2LZM,I,A,3,P,3,53.56,-2.53,10.7
1282,2LZM,I,A,3,S,2,41.9,-1.9,10.7
1283,2LZM,I,A,3,S,6.5,64.7,-1.7,10.7
1284,2LZM,I,A,3,T,2,38.75,-2.45,10.7
1285,2LZM,I,A,3,T,2,41.9,-1.7,10.7
1286,2LZM,I,A,3,T,2.5,46.16,-2.28,10.7
1287,2LZM,I,A,3,T,3,53.56,-1.81,10.7
1288,2LZM,I,A,3,T,6.5,64.7,-2.3,10.7
1289,2LZM,I,A,3,V,2,41.9,-0.6,10.7
1290,2LZM,I,A,3,V,6.5,64.7,-0.4,10.7
1291,2LZM,I,A,3,W,6.5,64.7,-2.8,10.7
1292,2LZM,I,A,3,Y,2,41.9,-2.7,10.7
1293,2LZM,I,A,3,Y,6.5,64.7,-2.3,10.7
1294,2LZM,L,A,7,A,3,51.65,-2.6,0
1295,2LZM,M,A,6,A,3,51.65,-1.9,0
1296,2LZM,M,A,6,I,6,65.5,-1.38,0
1297,2LZM,M,A,6,L,3,47,-2.8,0
1298,2LZM,A,A,41,D,5.4,65.15,0.29,35.39
1299,2LZM,A,A,41,S,3,51.55,-0.6,35.39
1300,2LZM,A,A,41,V,2.03,41.47,0.42,35.39
1301,2LZM,A,A,41,V,2.83,51.1,0.45,35.39
1302,2LZM,A,A,41,V,3,53.42,0.41,35.39
1303,2LZM,A,A,41,V,5.4,66.51,0.3,35.39
1304,2LZM,A,A,42,K,5.45,53,-3.7,0
1305,2LZM,A,A,42,S,3,51.55,-2.3,0
1306,2LZM,A,A,49,S,3,51.55,-0.5,42.92
1307,2LZM,A,A,73,S,3,51.55,-0.4,46.28
1308,2LZM,A,A,74,P,3.5,57.5,-5.7,7.8
1309,2LZM,A,A,74,P,4,62.2,-5,7.8
1310,2LZM,A,A,74,P,6.5,62.9,-4.6,7.8
1311,2LZM,A,A,74,P,5.5,65.7,-4.5,7.8
1312,2LZM,A,A,82,P,2,38.8,-0.07,81.22
1313,2LZM,A,A,82,P,2,41.9,0.3,81.22
1314,2LZM,A,A,82,P,2,41.9,0.3,81.22
1315,2LZM,A,A,82,P,2.5,46.2,0.51,81.22
1316,2LZM,A,A,82,P,3,53.42,0.45,81.22
1317,2LZM,A,A,82,P,3,53.6,1.27,81.22
1318,2LZM,A,A,82,P,6.5,64.7,0.8,81.22
1319,2LZM,A,A,82,P,6.5,64.7,0.8,81.22
1320,2LZM,A,A,82,P,5.4,66.51,0.57,81.22
1321,2LZM,A,A,82,S,3,51.55,-0.3,81.22
1322,2LZM,A,A,93,P,2.5,46.2,0.51,68.33
1323,2LZM,A,A,93,P,3,53.6,1.1,68.33
1324,2LZM,A,A,93,P,2,38.8,0.03,68.87
1325,2LZM,A,A,93,P,2,41.9,0.1,68.87
1326,2LZM,A,A,93,P,6.5,64.7,0.1,68.87
1327,2LZM,A,A,93,S,3,51.55,-0.2,68.87
1328,2LZM,A,A,93,T,5.4,65.15,0.06,68.87
1329,2LZM,A,A,98,S,3,51.55,-2.5,0
1330,2LZM,A,A,98,V,3,40,-4.9,0
1331,2LZM,C,A,54,T,6,65.5,1.36,2.64
1332,2LZM,C,A,54,T,6.5,70,0.3,2.64
1333,2LZM,C,A,54,V,6.5,70,-0.7,2.64
1334,2LZM,D,A,20,A,5.4,65.1,-0.3,32.06
1335,2LZM,D,A,20,N,5.4,65.1,1.3,32.06
1336,2LZM,D,A,20,S,5.4,65.1,0.7,32.06
1337,2LZM,D,A,20,T,5.4,65.1,0.9,32.06
1338,2LZM,D,A,47,A,3,51.65,-0.28,24.71
1339,2LZM,D,A,47,A,6.7,62.2,-0.95,24.71
1340,2LZM,D,A,72,P,2,38.5,-2.6,47.88
1341,2LZM,D,A,72,P,6.5,63.4,-2.7,47.88
1342,2LZM,D,A,92,N,2,39.5,-0.1,43.86
1343,2LZM,D,A,92,N,6.7,62.4,-1.4,43.86
1344,2LZM,E,A,11,A,5.4,66.48,1.1,18.89
1345,2LZM,E,A,11,F,5.4,66.48,1.7,18.89
1346,2LZM,E,A,11,H,5.4,65.1,0.1,18.89
1347,2LZM,E,A,11,M,5.4,66.48,1.6,18.89
1348,2LZM,E,A,11,N,5.4,65.1,-0.1,18.89
1349,2LZM,E,A,22,K,5.4,65.15,0.57,47.97
1350,2LZM,E,A,45,A,3,51.65,0.55,30.57
1351,2LZM,E,A,45,A,6.7,62.2,0.01,30.57
1352,2LZM,F,A,67,A,3,51.65,-1.9,5.23
1353,2LZM,G,A,30,A,5.4,66.48,0.1,21.98
1354,2LZM,G,A,30,F,5.4,66.48,-1.5,21.98
1355,2LZM,G,A,77,A,2,41.9,-0.4,4.83
1356,2LZM,G,A,77,A,2,41.9,-0.4,4.83
1357,2LZM,G,A,77,A,6.5,64.7,0.4,4.83
1358,2LZM,G,A,77,A,6.5,64.7,0.4,4.83
1359,2LZM,H,A,31,N,5.5,66,-4,18.8
1360,2LZM,I,A,17,A,3,51.65,-2.7,11.03
1361,2LZM,I,A,27,A,3,51.65,-3.1,0
1362,2LZM,I,A,29,A,3,51.65,-2.6,2.11
1363,2LZM,I,A,50,A,3,51.65,-2,18
1364,2LZM,I,A,58,A,3,51.65,-3.2,2.22
1365,2LZM,I,A,58,T,5.4,59,-3.4,2.22
1366,2LZM,I,A,78,A,3,51.65,-1.6,0
1367,2LZM,I,A,78,M,5.42,65.3,-1.5,0
1368,2LZM,K,A,16,E,2.8,50.9,-0.5,58.39
1369,2LZM,K,A,16,E,5.3,66.7,0.5,58.39
1370,2LZM,K,A,43,A,3,51.65,-0.96,23.33
1371,2LZM,K,A,43,A,5.45,53,-1.1,23.33
1372,2LZM,K,A,43,A,6.7,62.2,-1.03,23.33
1373,2LZM,K,A,48,A,3,51.65,-0.32,73.46
1374,2LZM,K,A,48,A,6.7,62.2,-0.56,73.46
1375,2LZM,K,A,60,H,2,28.5,-0.8,52.02
1376,2LZM,K,A,60,H,6.5,63,-0.1,52.02
1377,2LZM,K,A,60,P,2,41.9,0.1,52.36
1378,2LZM,K,A,60,P,6.5,64.7,0,52.36
1379,2LZM,K,A,83,H,2,28.5,-0.5,64.17
1380,2LZM,K,A,83,H,6.5,63,-0.4,64.17
1381,2LZM,L,A,33,A,3,51.65,-3.6,9.12
1382,2LZM,L,A,39,A,5.45,53,-0.9,44.89
1383,2LZM,L,A,46,A,3,51.65,-2.62,0
1384,2LZM,L,A,46,A,3.01,51.8,-2.7,0
1385,2LZM,L,A,46,A,5.45,53,-2.1,0
1386,2LZM,L,A,46,A,6.7,62.2,-1.86,0
1387,2LZM,L,A,66,A,3,51.65,-3.9,1.64
1388,2LZM,L,A,84,A,3,51.65,-3.9,0
1389,2LZM,L,A,84,M,5.42,65.3,-1.9,0
1390,2LZM,L,A,91,A,3,51.65,-3.1,2.84
1391,2LZM,L,A,91,M,5.42,65.3,-0.8,2.84
1392,2LZM,L,A,99,A,3,51.7,-4.6,0
1393,2LZM,L,A,99,A,3.01,51.76,-5,0
1394,2LZM,L,A,99,A,3.01,51.8,-5,0
1395,2LZM,L,A,99,A,5.7,64.88,-4.5,0
1396,2LZM,L,A,99,A,5.4,65.2,-4,0
1397,2LZM,L,A,99,F,3.01,51.76,-0.4,0
1398,2LZM,L,A,99,F,5.7,64.88,-0.3,0
1399,2LZM,L,A,99,G,3,51.7,-7.4,0
1400,2LZM,L,A,99,G,5.4,65.2,-6.3,0
1401,2LZM,L,A,99,I,3.01,51.76,-1.4,0
1402,2LZM,L,A,99,I,5.7,64.88,-1.5,0
1403,2LZM,L,A,99,M,3.01,51.76,-0.7,0
1404,2LZM,L,A,99,M,5.7,64.88,-0.6,0
1405,2LZM,L,A,99,M,5.42,65.3,-0.4,0
1406,2LZM,L,A,99,V,3.01,51.76,-2.3,0
1407,2LZM,L,A,99,V,5.7,64.88,-2,0
1408,2LZM,N,A,40,A,3,51.65,0.43,74.39
1409,2LZM,N,A,40,A,5.45,53,0.2,74.39
1410,2LZM,N,A,40,A,6.7,62.2,0.32,74.39
1411,2LZM,N,A,40,D,5.4,65.15,0.44,74.39
1412,2LZM,N,A,55,G,2,41.9,-0.5,78.55
1413,2LZM,N,A,55,G,6.5,64.7,-0.6,78.55
1414,2LZM,N,A,68,A,2.5,47.8,-0.05,52.87
1415,2LZM,Q,A,69,P,2,38.5,-3.3,50.06
1416,2LZM,Q,A,69,P,6.5,63.2,-2.9,50.06
1417,2LZM,R,A,14,K,5.4,65.15,-0.03,51.53
1418,2LZM,R,A,80,K,5.4,65.15,-0.17,79.3
1419,2LZM,R,A,96,H,6,65.5,-2.82,30.74
1420,2LZM,R,A,96,H,6.5,70,-2.8,30.74
1421,2LZM,S,A,38,D,2,40.9,-0.1,44.45
1422,2LZM,S,A,38,D,3,53.42,0.22,44.45
1423,2LZM,S,A,38,D,6.9,66.1,0.6,44.45
1424,2LZM,S,A,38,D,5.4,66.51,0.6,44.45
1425,2LZM,S,A,38,N,2,39.5,-0.1,44.45
1426,2LZM,S,A,38,N,6.7,62.4,0,44.45
1427,2LZM,S,A,44,A,2.5,47.8,-0.44,57.85
1428,2LZM,S,A,44,A,3,51.65,0.44,57.85
1429,2LZM,S,A,44,A,3.01,51.68,0.43,57.85
1430,2LZM,S,A,44,A,6.7,62.2,0.34,57.85
1431,2LZM,S,A,44,C,3.01,51.68,-0.11,57.85
1432,2LZM,S,A,44,D,3.01,51.68,-0.11,57.85
1433,2LZM,S,A,44,E,3.01,51.68,0,57.85
1434,2LZM,S,A,44,F,3.01,51.68,0.06,57.85
1435,2LZM,S,A,44,G,3.01,51.68,-0.53,57.85
1436,2LZM,S,A,44,H,3.01,51.68,0.04,57.85
1437,2LZM,S,A,44,I,3.01,51.68,0.31,57.85
1438,2LZM,S,A,44,K,3.01,51.68,0.2,57.85
1439,2LZM,S,A,44,L,3.01,51.68,0.39,57.85
1440,2LZM,S,A,44,M,3.01,51.68,0.33,57.85
1441,2LZM,S,A,44,N,3.01,51.68,-0.14,57.85
1442,2LZM,S,A,44,P,3.01,51.68,-3.03,57.85
1443,2LZM,S,A,44,Q,3.01,51.68,0.27,57.85
1444,2LZM,S,A,44,R,3.01,51.68,0.24,57.85
1445,2LZM,S,A,44,T,3.01,51.68,0.01,57.85
1446,2LZM,S,A,44,V,3.01,51.68,0.1,57.85
1447,2LZM,S,A,44,W,3.01,51.68,0.05,57.85
1448,2LZM,S,A,44,Y,3.01,51.68,0.19,57.85
1449,2LZM,S,A,90,H,2,28.5,-1,32.42
1450,2LZM,S,A,90,H,6.5,63,-1.1,32.42
1451,2LZM,S,A,90,H,5.5,65.4,-1.1,32.42
1452,2LZM,T,A,26,S,5.4,65.15,0.57,4.61
1453,2LZM,T,A,59,A,2,41,-2.8,51.77
1454,2LZM,T,A,59,A,6.5,63,-1.5,51.77
1455,2LZM,T,A,59,D,2,41,-0.9,51.77
1456,2LZM,T,A,59,D,6.5,63,-1.2,51.77
1457,2LZM,T,A,59,G,2,41,-2.2,51.77
1458,2LZM,T,A,59,G,6.5,63,-1.6,51.77
1459,2LZM,T,A,59,N,2,41,-0.6,51.77
1460,2LZM,T,A,59,N,6.5,63,-1.1,51.77
1461,2LZM,T,A,59,S,2,41,-0.7,51.77
1462,2LZM,T,A,59,S,6.5,63,-0.2,51.77
1463,2LZM,T,A,59,V,2,41,-2.8,51.77
1464,2LZM,T,A,59,V,6.5,63,-1.5,51.77
1465,2LZM,V,A,71,A,3,51.65,-1.5,4.29
1466,2LZM,V,A,75,T,3,51.55,-1.3,24.01
1467,2LZM,V,A,87,A,3,51.65,-1.7,2.21
1468,2LZM,V,A,87,T,3,51.55,-1.6,2.21
1469,2LZM,V,A,94,A,3,51.65,-1.8,20.95
1470,2LZM,A,A,129,L,5.4,65.3,-1.3,0
1471,2LZM,A,A,129,M,5.4,65.3,-1.9,0
1472,2LZM,A,A,129,V,1.99,41.4,-0.8,0
1473,2LZM,A,A,129,V,2.8,52.1,-0.7,0
1474,2LZM,A,A,130,S,3,51.55,-1,6.53
1475,2LZM,A,A,134,S,3,51.55,-0.1,26.32
1476,2LZM,A,A,146,T,3,47,-2.29,0
1477,2LZM,A,A,146,T,6.5,70,-1.5,0
1478,2LZM,A,A,160,T,6,65.5,-1.65,14.88
1479,2LZM,E,A,108,V,3,51.7,1.2,27.93
1480,2LZM,E,A,108,V,5.4,65.2,0.7,27.93
1481,2LZM,E,A,128,A,2.02,40.75,0.16,49.63
1482,2LZM,E,A,128,A,2,40.8,0.16,49.63
1483,2LZM,E,A,128,K,3,47,-1.16,49.63
1484,2LZM,F,A,104,A,3,51.65,-3.1,15.55
1485,2LZM,F,A,153,A,3.01,51.76,-3.5,0.05
1486,2LZM,F,A,153,A,3.01,51.8,-3.5,0.05
1487,2LZM,F,A,153,A,5.7,64.88,-3.8,0.05
1488,2LZM,F,A,153,A,5.4,65.3,-3.4,0.05
1489,2LZM,F,A,153,I,3.01,51.76,-0.5,0.05
1490,2LZM,F,A,153,I,5.7,64.88,-0.2,0.05
1491,2LZM,F,A,153,L,3.01,51.76,0.2,0.05
1492,2LZM,F,A,153,L,5.7,64.88,0.3,0.05
1493,2LZM,F,A,153,L,5.4,65.15,0.35,0.05
1494,2LZM,F,A,153,M,3.01,51.76,-0.8,0.05
1495,2LZM,F,A,153,M,5.7,64.88,-0.6,0.05
1496,2LZM,F,A,153,M,5.42,65.3,-0.6,0.05
1497,2LZM,F,A,153,V,3.01,51.76,-1.8,0.05
1498,2LZM,F,A,153,V,5.7,64.88,-1.8,0.05
1499,2LZM,G,A,113,A,2,38.8,0.5,73.82
1500,2LZM,G,A,113,A,2,41.9,0.1,73.82
1501,2LZM,G,A,113,A,2.5,46.2,0.54,73.82
1502,2LZM,G,A,113,A,3,53.6,0.54,73.82
1503,2LZM,G,A,113,A,6.5,64.7,0.3,73.82
1504,2LZM,G,A,113,E,5.4,65.15,0.3,73.82
1505,2LZM,G,A,156,D,2,41.9,-1.4,22.87
1506,2LZM,G,A,156,D,6.5,64.7,-2.3,22.87
1507,2LZM,I,A,100,A,3,51.65,-3.4,4.86
1508,2LZM,I,A,100,M,5.42,65.3,-1.6,4.86
1509,2LZM,K,A,124,G,2,41.9,0,50.51
1510,2LZM,K,A,124,G,6.5,64.7,-0.1,50.51
1511,2LZM,K,A,135,E,5.3,25,-1,71.85
1512,2LZM,K,A,135,E,2.8,50.9,-0.2,71.85
1513,2LZM,K,A,135,E,5.3,66.7,-1,71.85
1514,2LZM,K,A,147,E,5.3,25,-0.7,43.9
1515,2LZM,K,A,147,E,2.8,50.9,0.1,43.9
1516,2LZM,K,A,147,E,5.3,66.7,-0.7,43.9
1517,2LZM,L,A,118,A,3.01,51.65,-3.5,5.3
1518,2LZM,L,A,118,A,3.01,51.8,-3.5,5.3
1519,2LZM,L,A,118,M,5.42,65.3,-0.7,5.3
1520,2LZM,L,A,121,A,3.01,51.65,-2.7,0.11
1521,2LZM,L,A,121,A,3.01,51.8,-2.7,0.11
1522,2LZM,L,A,121,A,5.4,65.3,-2.3,0.11
1523,2LZM,L,A,121,M,5.42,65.3,-0.8,0.11
1524,2LZM,L,A,133,A,2.02,40.75,-4.19,0.44
1525,2LZM,L,A,133,A,3.01,51.8,-4.3,0.44
1526,2LZM,L,A,133,D,3,51.6,-4.9,0.44
1527,2LZM,L,A,133,D,6.5,61.9,-5.7,0.44
1528,2LZM,L,A,133,D,4.4,64.6,-5.5,0.44
1529,2LZM,L,A,133,F,1.99,41.4,-0.2,0.44
1530,2LZM,L,A,133,F,2.86,52.1,-0.3,0.44
1531,2LZM,L,A,133,M,5.42,65.3,-0.4,0.44
1532,2LZM,M,A,102,K,10.4,47.9,-2.2,0.35
1533,2LZM,M,A,102,K,3,51.6,-8.9,0.35
1534,2LZM,M,A,102,K,5.3,65.3,-6.9,0.35
1535,2LZM,M,A,102,L,3.01,51.76,-0.74,0.35
1536,2LZM,M,A,102,L,5.7,64.89,-0.82,0.35
1537,2LZM,M,A,106,A,3,51.65,-2.3,28.04
1538,2LZM,M,A,106,K,3,47,-3.4,28.04
1539,2LZM,M,A,106,L,3,47,0.5,28.04
1540,2LZM,M,A,120,A,3.01,51.65,-0.2,16.49
1541,2LZM,M,A,120,K,3,47,-1.6,16.49
1542,2LZM,M,A,120,L,3,47,0.5,16.49
1543,2LZM,N,A,101,A,5.4,59,-1.5,0.14
1544,2LZM,N,A,116,A,3.01,51.65,0.17,52.39
1545,2LZM,N,A,116,D,2,40.9,-0.1,52.39
1546,2LZM,N,A,116,D,3,53.42,0.34,52.39
1547,2LZM,N,A,116,D,5.7,66.1,0.6,52.39
1548,2LZM,N,A,116,D,5.4,66.51,0.6,52.39
1549,2LZM,N,A,132,F,5.4,66.48,1.3,28.01
1550,2LZM,N,A,132,I,5.4,66.48,1.2,28.01
1551,2LZM,N,A,132,M,5.4,66.48,1.5,28.01
1552,2LZM,N,A,144,D,2,40.9,-0.1,66.87
1553,2LZM,N,A,144,D,3,53.42,0.4,66.87
1554,2LZM,N,A,144,D,6.9,66.1,0.5,66.87
1555,2LZM,N,A,144,D,5.4,66.51,0.41,66.87
1556,2LZM,N,A,144,E,2,40.4,0.2,66.87
1557,2LZM,N,A,144,E,6.5,64.5,0.5,66.87
1558,2LZM,N,A,144,E,5.5,66.7,0.5,66.87
1559,2LZM,N,A,144,H,2,39.5,-0.6,66.87
1560,2LZM,N,A,144,H,6.7,62.4,0.3,66.87
1561,2LZM,Q,A,105,A,2.1,42,-0.9,32.53
1562,2LZM,Q,A,105,A,5.8,66.3,-0.6,32.53
1563,2LZM,Q,A,105,E,2.1,42,-0.5,32.53
1564,2LZM,Q,A,105,E,5.8,66.3,-1.1,32.53
1565,2LZM,Q,A,105,G,2.1,42,-1.7,32.53
1566,2LZM,Q,A,105,G,5.8,66.3,-1.5,32.53
1567,2LZM,Q,A,105,M,5.4,59,-1.2,32.53
1568,2LZM,Q,A,122,A,3.01,51.65,-0.24,42.44
1569,2LZM,Q,A,123,A,3.01,51.65,-0.22,51.79
1570,2LZM,Q,A,123,E,2,40.4,0.3,51.51
1571,2LZM,Q,A,123,E,6.5,64.5,0.4,51.51
1572,2LZM,Q,A,123,E,5.5,66.7,0.1,51.51
1573,2LZM,R,A,119,A,3.01,51.65,-0.18,50.26
1574,2LZM,R,A,119,E,2.8,50.9,-0.2,50.26
1575,2LZM,R,A,119,E,5.3,66.7,-0.04,50.26
1576,2LZM,R,A,119,H,5.4,65.15,-0.29,50.26
1577,2LZM,R,A,119,M,2,40.9,-0.3,50.22
1578,2LZM,R,A,119,M,5.7,66.1,0.1,50.22
1579,2LZM,R,A,154,E,2.8,50.9,0.2,34.63
1580,2LZM,R,A,154,E,5.3,66.7,-1.1,34.63
1581,2LZM,S,A,117,A,3.01,51.65,1.27,0.85
1582,2LZM,S,A,117,F,3,51.7,1.4,0.85
1583,2LZM,S,A,117,F,5.4,65.09,1.1,0.85
1584,2LZM,S,A,117,F,5.4,66.48,1.1,0.85
1585,2LZM,S,A,117,I,5.4,66.48,1.7,0.85
1586,2LZM,S,A,117,V,5.4,66.48,2,0.85
1587,2LZM,T,A,109,D,2,39.5,-0.3,84.21
1588,2LZM,T,A,109,D,6.7,62.4,0.6,84.21
1589,2LZM,T,A,109,N,2,39.5,0,84.21
1590,2LZM,T,A,109,N,6.7,62.4,0.1,84.21
1591,2LZM,T,A,115,A,3.01,51.65,-0.14,62.8
1592,2LZM,T,A,115,E,2,40.4,-0.5,62.73
1593,2LZM,T,A,115,E,2,40.9,-0.5,62.73
1594,2LZM,T,A,115,E,3,52.6,-0.2,62.73
1595,2LZM,T,A,115,E,4,63.6,-0.1,62.73
1596,2LZM,T,A,115,E,6.5,64.6,0.3,62.73
1597,2LZM,T,A,115,E,6.5,66.1,0.3,62.73
1598,2LZM,T,A,115,E,5.5,66.7,0,62.73
1599,2LZM,T,A,151,S,5.4,65.15,0.39,22.71
1600,2LZM,T,A,152,A,5.4,59,-1.5,0
1601,2LZM,T,A,152,C,5.4,59,-0.5,0
1602,2LZM,T,A,152,I,5.4,59,-0.4,0
1603,2LZM,T,A,152,S,3,40,-2.6,0
1604,2LZM,T,A,152,S,5.4,59,-2,0
1605,2LZM,T,A,152,V,5.4,59,0.2,0
1606,2LZM,T,A,157,A,2,38.8,-1.1,41.82
1607,2LZM,T,A,157,A,2,42,-1.4,41.82
1608,2LZM,T,A,157,A,2.5,46.2,-0.9,41.82
1609,2LZM,T,A,157,A,3,53.6,-0.5,41.82
1610,2LZM,T,A,157,C,2,42,-1.3,41.82
1611,2LZM,T,A,157,D,2,42,-1.1,41.82
1612,2LZM,T,A,157,E,2,38.8,-1.5,41.82
1613,2LZM,T,A,157,E,2,42,-1.5,41.82
1614,2LZM,T,A,157,E,2.5,46.2,-1.3,41.82
1615,2LZM,T,A,157,E,3,53.6,-0.8,41.82
1616,2LZM,T,A,157,F,2,42,-2.4,41.82
1617,2LZM,T,A,157,G,2,42,-1.1,41.82
1618,2LZM,T,A,157,H,2,42,-2.1,41.82
1619,2LZM,T,A,157,I,2,38.8,-2.1,41.82
1620,2LZM,T,A,157,I,2,42,-2.9,41.82
1621,2LZM,T,A,157,I,2.5,46.2,-1.9,41.82
1622,2LZM,T,A,157,I,3,53.6,-1.5,41.82
1623,2LZM,T,A,157,I,4,62.8,-2.1,41.82
1624,2LZM,T,A,157,I,6,64.5,-1.2,41.82
1625,2LZM,T,A,157,L,2,38.8,-1.7,41.82
1626,2LZM,T,A,157,L,2,42,-1.3,41.82
1627,2LZM,T,A,157,L,2.5,46.2,-1.7,41.82
1628,2LZM,T,A,157,L,3,53.6,-1.7,41.82
1629,2LZM,T,A,157,N,2,38.8,-1,41.82
1630,2LZM,T,A,157,N,2,42,-0.45,41.82
1631,2LZM,T,A,157,N,2.5,46.2,-1.1,41.82
1632,2LZM,T,A,157,N,3,53.6,-1.2,41.82
1633,2LZM,T,A,157,R,2,38.8,-1.1,41.82
1634,2LZM,T,A,157,R,2,42,-1.3,41.82
1635,2LZM,T,A,157,R,2.5,46.2,-0.6,41.82
1636,2LZM,T,A,157,R,3,53.6,0.3,41.82
1637,2LZM,T,A,157,S,2,42,-0.66,41.82
1638,2LZM,T,A,157,V,2,38.8,-1.7,41.82
1639,2LZM,T,A,157,V,2,42,-1.6,41.82
1640,2LZM,T,A,157,V,2.5,46.2,-1.6,41.82
1641,2LZM,T,A,157,V,3,53.6,-1.2,41.82
1642,2LZM,V,A,103,A,3,51.65,-2.2,4.68
1643,2LZM,V,A,103,M,5.42,65.3,-1.2,4.68
1644,2LZM,V,A,111,A,3,51.65,-1.3,0
1645,2LZM,V,A,111,F,3.01,51.76,-1.43,0
1646,2LZM,V,A,111,F,5.7,64.89,-1.69,0
1647,2LZM,V,A,111,I,3.01,51.76,-0.69,0
1648,2LZM,V,A,111,I,5.7,64.89,-0.85,0
1649,2LZM,V,A,131,A,2.02,40.75,0.27,64.48
1650,2LZM,V,A,131,A,2,40.8,0.26,64.48
1651,2LZM,V,A,131,A,2.03,41.47,0.15,64.48
1652,2LZM,V,A,131,A,2.83,51.1,0.3,64.48
1653,2LZM,V,A,131,A,3.01,53.08,0.26,64.48
1654,2LZM,V,A,131,A,3,53.42,0.33,64.48
1655,2LZM,V,A,131,A,5.4,66.51,0.39,64.48
1656,2LZM,V,A,131,D,3.01,53.08,0.08,64.48
1657,2LZM,V,A,131,E,3.01,53.08,0.2,64.48
1658,2LZM,V,A,131,G,3.01,53.08,-0.68,64.48
1659,2LZM,V,A,131,I,3.01,53.08,0.16,64.48
1660,2LZM,V,A,131,L,3.01,53.08,0.09,64.48
1661,2LZM,V,A,131,M,3.01,53.08,0.12,64.48
1662,2LZM,V,A,131,S,3.01,53.08,-0.05,64.48
1663,2LZM,V,A,131,T,2.03,41.47,-0.11,64.48
1664,2LZM,V,A,131,T,2.83,51.1,-0.05,64.48
1665,2LZM,V,A,131,T,3.01,53.08,-0.12,64.48
1666,2LZM,V,A,149,A,3,51.65,-3.2,0.07
1667,2LZM,V,A,149,A,5.4,59,-3.1,0.07
1668,2LZM,V,A,149,C,3,40,-2.2,0.07
1669,2LZM,V,A,149,C,5.4,59,-2,0.07
1670,2LZM,V,A,149,G,5.4,59,-4.9,0.07
1671,2LZM,V,A,149,I,5.4,59,-0.1,0.07
1672,2LZM,V,A,149,S,5.4,59,-4.4,0.07
1673,2LZM,V,A,149,T,3,51.55,-2.8,0.07
1674,2LZM,V,A,149,T,5.4,59,-3,0.07
1675,2RN2,A,A,24,V,3,50.1,0.73,0
1676,2RN2,A,A,24,V,5.5,52.7,0.88,0
1677,2RN2,A,A,52,C,3.2,53,0.8,0.27
1678,2RN2,A,A,52,D,3.2,53,-1.9,0.27
1679,2RN2,A,A,52,E,3.2,53,-1.5,0.27
1680,2RN2,A,A,52,F,3.2,53,0.5,0.27
1681,2RN2,A,A,52,G,3.2,53,-2.7,0.27
1682,2RN2,A,A,52,H,3.2,53,-3.6,0.27
1683,2RN2,A,A,52,I,3.2,53,1.9,0.27
1684,2RN2,A,A,52,K,3.2,53,-5.9,0.27
1685,2RN2,A,A,52,L,3.2,53,1.3,0.27
1686,2RN2,A,A,52,M,3.2,53,0.5,0.27
1687,2RN2,A,A,52,N,3.2,53,-1.8,0.27
1688,2RN2,A,A,52,P,3.2,53,-1.6,0.27
1689,2RN2,A,A,52,Q,3.2,53,-1.2,0.27
1690,2RN2,A,A,52,S,3.2,53,-1.8,0.27
1691,2RN2,A,A,52,T,3.2,53,-0.8,0.27
1692,2RN2,A,A,52,V,3,50.1,1.7,0.27
1693,2RN2,A,A,52,V,3.2,53,1.7,0.27
1694,2RN2,A,A,52,Y,3.2,53,-2.3,0.27
1695,2RN2,D,A,10,A,9,47,4,12.77
1696,2RN2,D,A,10,A,3,50,2.4,12.77
1697,2RN2,D,A,10,E,9,47,1,12.77
1698,2RN2,D,A,10,E,3,50,1.1,12.77
1699,2RN2,D,A,10,H,9,47,2.4,12.77
1700,2RN2,D,A,10,H,3,50,0.4,12.77
1701,2RN2,D,A,10,N,9,47,2,12.77
1702,2RN2,D,A,10,N,3,50,-0.7,12.77
1703,2RN2,D,A,10,S,9,47,2.7,12.77
1704,2RN2,D,A,10,S,3,50,0.7,12.77
1705,2RN2,D,A,70,A,9,47,1.1,37.54
1706,2RN2,D,A,70,A,3,50,-0.1,37.54
1707,2RN2,D,A,70,E,9,47,0.1,37.54
1708,2RN2,D,A,70,E,3,50,0.5,37.54
1709,2RN2,D,A,70,N,9,47,1.6,37.54
1710,2RN2,D,A,70,N,3,50,-0.3,37.54
1711,2RN2,D,A,94,E,3,49.8,-0.4,69.12
1712,2RN2,D,A,94,E,5.5,49.8,-0.4,69.12
1713,2RN2,E,A,48,A,9,47,-0.3,10.88
1714,2RN2,E,A,48,A,3,50,-0.1,10.88
1715,2RN2,E,A,48,D,9,47,-0.2,10.88
1716,2RN2,E,A,48,D,3,50,0.2,10.88
1717,2RN2,E,A,48,Q,9,47,0.3,10.88
1718,2RN2,E,A,48,Q,3,50,-0.1,10.88
1719,2RN2,G,A,23,A,3,50.1,0.7,0
1720,2RN2,G,A,23,A,3,50.9,0.7,0
1721,2RN2,G,A,23,A,5.5,52.5,0.5,0
1722,2RN2,G,A,23,A,5.5,52.7,0.5,0
1723,2RN2,G,A,77,A,3,49.8,-0.9,0
1724,2RN2,H,A,62,D,3,50.1,0.67,72.46
1725,2RN2,H,A,62,D,5.5,52.7,-0.17,72.46
1726,2RN2,H,A,62,P,3,49.8,1,72.46
1727,2RN2,H,A,62,P,3,50.1,1,72.46
1728,2RN2,H,A,62,P,3,50.9,1,72.46
1729,2RN2,H,A,62,P,5.5,52,1.1,72.46
1730,2RN2,H,A,62,P,5.5,52.5,1.1,72.46
1731,2RN2,H,A,62,P,5.5,52.7,1.1,72.46
1732,2RN2,H,A,62,R,3,50.1,-0.03,72.46
1733,2RN2,H,A,62,R,5.5,52.7,0.36,72.46
1734,2RN2,K,A,91,R,3,49.8,0.2,39.13
1735,2RN2,K,A,91,R,5.5,49.8,0,39.13
1736,2RN2,K,A,95,A,3,49.8,0.1,66.6
1737,2RN2,K,A,95,A,5.5,49.8,0.1,66.6
1738,2RN2,K,A,95,G,3,49.8,1.7,66.6
1739,2RN2,K,A,95,G,5.5,49.8,1.9,66.6
1740,2RN2,K,A,95,N,3,49.8,0.9,66.6
1741,2RN2,K,A,95,N,5.5,49.8,0.9,66.6
1742,2RN2,K,A,95,N,3,50.1,0.88,66.6
1743,2RN2,K,A,95,N,5.5,52.7,0.88,66.6
1744,2RN2,Q,A,76,L,3,50.1,0.24,32.08
1745,2RN2,Q,A,80,L,3,50.1,0.3,59.63
1746,2RN2,R,A,41,C,3,50.1,0.12,51.18
1747,2RN2,R,A,41,C,5.5,52.7,0.44,51.18
1748,2RN2,S,A,68,A,3,49.8,-0.5,0.85
1749,2RN2,S,A,68,G,3,49.8,-2.4,0.85
1750,2RN2,S,A,68,L,3,49.8,-0.5,0.85
1751,2RN2,S,A,68,T,3,49.8,-0.2,0.85
1752,2RN2,S,A,68,V,3,49.8,0.6,0.85
1753,2RN2,V,A,74,A,3,49.8,-2.2,0.39
1754,2RN2,V,A,74,A,5.5,52,-3.4,0.39
1755,2RN2,V,A,74,I,3,49.8,0.7,0.39
1756,2RN2,V,A,74,I,5.5,52,0.6,0.39
1757,2RN2,V,A,74,L,3,49.8,1.1,0.39
1758,2RN2,V,A,74,L,3,50.9,1.1,0.39
1759,2RN2,V,A,74,L,5.5,52,0.9,0.39
1760,2RN2,V,A,74,L,5.5,52.5,0.9,0.39
1761,2RN2,A,A,125,T,3,49.8,0.1,62.98
1762,2RN2,A,A,125,T,5.5,52,0,62.98
1763,2RN2,D,A,134,A,9,47,2,34.7
1764,2RN2,D,A,134,A,3,50,0.8,34.7
1765,2RN2,D,A,134,A,3,50,0.89,34.7
1766,2RN2,D,A,134,A,5.5,53.1,1.51,34.7
1767,2RN2,D,A,134,E,3,50,0.72,34.7
1768,2RN2,D,A,134,E,5.5,53.1,0.86,34.7
1769,2RN2,D,A,134,H,3,50,0.53,34.7
1770,2RN2,D,A,134,H,3,50.9,0.5,34.7
1771,2RN2,D,A,134,H,5.5,52.5,1.9,34.7
1772,2RN2,D,A,134,H,5.5,53.1,1.94,34.7
1773,2RN2,D,A,134,I,3,50,0.69,34.7
1774,2RN2,D,A,134,I,5.5,53.1,1.27,34.7
1775,2RN2,D,A,134,L,3,50,1.15,34.7
1776,2RN2,D,A,134,L,5.5,53.1,1.51,34.7
1777,2RN2,D,A,134,N,9,47,1.8,34.7
1778,2RN2,D,A,134,N,3,50,-0.1,34.7
1779,2RN2,D,A,134,N,3,50,-0.1,34.7
1780,2RN2,D,A,134,N,5.5,53.1,0.89,34.7
1781,2RN2,D,A,134,Q,3,50,0.48,34.7
1782,2RN2,D,A,134,Q,5.5,53.1,1.32,34.7
1783,2RN2,D,A,134,S,3,50,0.26,34.7
1784,2RN2,D,A,134,S,5.5,53.1,1.08,34.7
1785,2RN2,D,A,134,T,3,50,0.12,34.7
1786,2RN2,D,A,134,T,5.5,53.1,1.08,34.7
1787,2RN2,D,A,134,V,3,50,0.31,34.7
1788,2RN2,D,A,134,V,5.5,53.1,1.12,34.7
1789,2RN2,E,A,119,V,3,50.1,0.09,32.63
1790,2RN2,E,A,119,V,5.5,52.7,0.74,32.63
1791,2RN2,E,A,135,K,3,50.1,-1.1,60.62
1792,2RN2,E,A,135,K,5.5,52.7,-0.22,60.62
1793,2RN2,K,A,117,R,3,50.1,-0.06,57.37
1794,2RN2,K,A,117,R,5.5,52.7,0.03,57.37
1795,2RN2,Q,A,113,P,3,49.8,-0.2,54.48
1796,2RN2,Q,A,113,P,5.5,52,-0.6,54.48
1797,2TRX,L,A,78,K,7,85.32,-3.9,0.16
1798,2TRX,L,A,78,R,7,85.32,-4,0.16
1799,3BLS,Y,A,150,F,6.8,54.6,-0.7,8.66
1800,3MBP,V,A,8,G,7.6,25,-1.1,26.28
1801,3MBP,D,A,55,N,7.6,25,0,32.41
1802,3MBP,G,A,19,C,7.6,25,-2.3,23.13
1803,3MBP,A,A,276,G,7.6,25,-1.5,48.91
1804,3MBP,T,A,345,I,7.6,25,0.7,42.11
1805,3MBP,Y,A,283,D,7.6,25,-3.2,26.44
1806,3SSI,M,A,73,A,3.2,53.36,0.54,105.6
1807,3SSI,M,A,73,A,7,53.36,0.55,105.6
1808,3SSI,M,A,73,A,9.5,53.36,0.13,105.6
1809,3SSI,M,A,73,D,3.2,53.36,1.08,105.6
1810,3SSI,M,A,73,D,7,53.36,1.6,105.6
1811,3SSI,M,A,73,D,9.5,53.36,1.25,105.6
1812,3SSI,M,A,73,E,3.2,53.36,0.35,105.6
1813,3SSI,M,A,73,E,7,53.36,1.05,105.6
1814,3SSI,M,A,73,E,9.5,53.36,0.56,105.6
1815,3SSI,M,A,73,G,3.2,53.36,-0.21,105.6
1816,3SSI,M,A,73,G,7,53.36,-0.06,105.6
1817,3SSI,M,A,73,G,9.5,53.36,-0.49,105.6
1818,3SSI,M,A,73,I,3.2,53.36,-0.73,105.6
1819,3SSI,M,A,73,I,7,53.36,-0.94,105.6
1820,3SSI,M,A,73,I,9.5,53.36,-1.28,105.6
1821,3SSI,M,A,73,K,3.2,53.36,1.27,105.6
1822,3SSI,M,A,73,K,7,53.36,0.35,105.6
1823,3SSI,M,A,73,K,9.5,53.36,0.05,105.6
1824,3SSI,M,A,73,L,3.2,53.36,-0.13,105.6
1825,3SSI,M,A,73,L,7,53.36,-0.25,105.6
1826,3SSI,M,A,73,L,9.5,53.36,-0.55,105.6
1827,3SSI,M,A,73,V,3.2,53.36,-0.46,105.6
1828,3SSI,M,A,73,V,7,53.36,-0.66,105.6
1829,3SSI,M,A,73,V,9.5,53.36,-0.95,105.6
1830,3SSI,V,A,13,A,7,82.21,-6.78,36.56
1831,3SSI,V,A,13,A,9.5,82.21,-6.93,36.56
1832,3SSI,V,A,13,F,7,82.21,-5.69,36.56
1833,3SSI,V,A,13,F,9.5,82.21,-5.33,36.56
1834,3SSI,V,A,13,G,7,82.21,-10.3,36.56
1835,3SSI,V,A,13,G,9.5,82.21,-9.31,36.56
1836,3SSI,V,A,13,I,7,82.21,-0.84,36.56
1837,3SSI,V,A,13,I,9.5,82.21,-0.94,36.56
1838,3SSI,V,A,13,L,7,82.21,-2.21,36.56
1839,3SSI,V,A,13,L,9.5,82.21,-2.52,36.56
1840,3SSI,V,A,13,M,7,82.21,-5.92,36.56
1841,3SSI,V,A,13,M,9.5,82.21,-5.43,36.56
1842,3SSI,M,A,103,A,3.2,53.36,-1.35,0.25
1843,3SSI,M,A,103,A,9.5,80.7,-2.8,0.25
1844,3SSI,M,A,103,A,7,82.21,-2.32,0.25
1845,3SSI,M,A,103,G,9.5,80.7,-7.1,0.25
1846,3SSI,M,A,103,G,7,82.21,-6.82,0.25
1847,3SSI,M,A,103,I,3.2,53.36,-2.01,0.25
1848,3SSI,M,A,103,I,9.5,80.7,-2.29,0.25
1849,3SSI,M,A,103,I,7,82.21,-1.89,0.25
1850,3SSI,M,A,103,L,3.2,53.36,0.77,0.25
1851,3SSI,M,A,103,L,9.5,80.7,-0.29,0.25
1852,3SSI,M,A,103,L,7,82.21,0.15,0.25
1853,3SSI,M,A,103,V,3.2,53.36,-1.35,0.25
1854,3SSI,M,A,103,V,9.5,80.7,-2.22,0.25
1855,3SSI,M,A,103,V,7,82.21,-1.84,0.25
1856,451C,F,A,7,A,5,50.4,1.1,9.32
1857,451C,E,A,43,Y,5,50.4,0.6,55.12
1858,451C,F,A,34,Y,5,50.4,1.9,11.61
1859,451C,Q,A,37,R,5,50.4,0.5,57.05
1860,451C,V,A,13,M,5,50.4,0.4,39.3
1861,451C,V,A,78,I,5,50.4,1,4.94
1862,451C,V,A,78,I,3.6,62.6,1.11,4.94
1863,4LYZ,F,A,3,Y,6.4,74,-0.45,7.72
1864,4LYZ,A,A,31,I,6.4,74,1.4,0
1865,4LYZ,A,A,31,L,6.4,74,1.8,0
1866,4LYZ,A,A,31,V,6.4,74,1.2,0
1867,4LYZ,C,A,94,A,9.5,20,-4.78,2.07
1868,4LYZ,F,A,34,Y,6.4,74,0.19,35.77
1869,4LYZ,G,A,49,A,2.7,65.6,-1.89,28.21
1870,4LYZ,G,A,49,N,9.5,20,-0.96,28.21
1871,4LYZ,G,A,67,A,2.7,65.6,-0.98,94.28
1872,4LYZ,G,A,71,A,2.7,65.6,-0.38,44.35
1873,4LYZ,H,A,15,L,6.4,74,0.76,24.3
1874,4LYZ,I,A,55,A,6.4,74,-4.4,0.43
1875,4LYZ,I,A,55,F,6.4,74,-2.46,0.43
1876,4LYZ,I,A,55,L,6.4,74,-0.45,0.43
1877,4LYZ,I,A,55,M,6.4,74,-2.27,0.43
1878,4LYZ,I,A,55,T,6.4,74,-4.96,0.43
1879,4LYZ,I,A,55,V,6.4,74,-0.91,0.43
1880,4LYZ,K,A,13,D,9.5,20,-6.7,37.19
1881,4LYZ,M,A,12,F,2.7,66,0.28,0.3
1882,4LYZ,M,A,12,L,2.7,66,-0.57,0.3
1883,4LYZ,N,A,19,K,6.4,74,-1.06,64.89
1884,4LYZ,N,A,77,H,6.4,74,-0.38,84.15
1885,4LYZ,P,A,70,N,9.5,20,-2.15,91.12
1886,4LYZ,R,A,21,Q,6.4,74,-0.15,62.31
1887,4LYZ,R,A,68,K,6.4,74,-0.04,51.44
1888,4LYZ,R,A,73,K,6.4,74,0.23,67.38
1889,4LYZ,S,A,91,A,6.4,74,-0.15,0.43
1890,4LYZ,S,A,91,D,6.4,74,-2.31,0.43
1891,4LYZ,S,A,91,T,6.4,74,0.99,0.43
1892,4LYZ,S,A,91,V,6.4,74,-0.08,0.43
1893,4LYZ,S,A,91,Y,6.4,74,-3.07,0.43
1894,4LYZ,T,A,40,I,6.4,74,-2.2,0.07
1895,4LYZ,T,A,40,S,6.4,74,-0.27,0.07
1896,4LYZ,D,A,101,A,6.4,74,0.76,65.72
1897,4LYZ,D,A,101,E,6.4,74,0,65.72
1898,4LYZ,D,A,101,F,6.4,74,0.72,65.72
1899,4LYZ,D,A,101,G,6.4,74,0.45,65.72
1900,4LYZ,D,A,101,G,6.4,74,0.45,65.72
1901,4LYZ,D,A,101,K,6.4,74,0.19,65.72
1902,4LYZ,D,A,101,N,6.4,74,0.04,65.72
1903,4LYZ,D,A,101,Q,6.4,74,-0.08,65.72
1904,4LYZ,D,A,101,R,6.4,74,0.27,65.72
1905,4LYZ,D,A,101,S,6.4,74,0.87,65.72
1906,4LYZ,G,A,102,A,2.7,65.6,0.02,81.45
1907,4LYZ,G,A,102,R,6.4,74,0.38,81.45
1908,4LYZ,G,A,102,V,6.4,74,-0.04,81.45
1909,4LYZ,G,A,117,A,2.7,65.6,-1.46,102.29
1910,4LYZ,M,A,105,T,9.5,20,-0.24,0
1911,4LYZ,N,A,103,D,9.5,20,0.24,65.98
1912,4LYZ,Q,A,121,H,6.4,74,-0.45,60.36
1913,4LYZ,R,A,114,H,6.4,74,0.68,56.86
1914,5CRO,A,B,36,S,3,45,0.4,59.89
1915,5CRO,Q,B,16,L,3,45,2.8,26.26
1916,5CRO,Y,B,26,C,3,45,2.2,76.23
1917,5CRO,Y,B,26,C,7,45,2.2,76.23
1918,5CRO,Y,B,26,D,7,45,2.7,76.23
1919,5CRO,Y,B,26,F,7,45,0.4,76.23
1920,5CRO,Y,B,26,H,7,45,1.9,76.23
1921,5CRO,Y,B,26,L,7,45,1.1,76.23
1922,5CRO,Y,B,26,Q,7,45,1.4,76.23
1923,5CRO,Y,B,26,V,7,45,0.9,76.23
1924,5CRO,Y,B,26,W,7,45,-0.1,76.23
